,Gene,Inheritance,Phenotype,Syndrome,LOE
0,A2BP1  ,AD/de novo,Autism , , 2
1,ABCB6  ,AD/de novo,Microphthalmia , , 2
2,ABCC9  ,AD/de novo,Macrocephaly ,Cantu syndrome   , 3
3,ACSL4  ,XL,Intellectual disability , , 3
4,ACTB  ,AD/de novo,Lissencephaly ,Baraitser-Winter syndrome   , 2
5,ACTB  ,AD/de novo,Microphthalmia ,Baraitser-Winter syndrome   , 2
6,ACTB  ,AD/de novo,Sensorineural deafness ,Baraitser-Winter syndrome   , 2
7,ACTG1  ,AD/de novo,Lissencephaly ,Baraitser-Winter syndrome   , 2
8,ACTG1  ,AD/de novo,Microphthalmia ,Baraitser-Winter syndrome   , 2
9,ACTG1  ,AD/de novo,Sensorineural deafness ,Baraitser-Winter syndrome   , 2
10,ADNP  ,AD/de novo,Autism , , 2
11,ADNP  ,AD/de novo,Intellectual disability , , 2
12,ADSL  ,AR,Autism ,Adenylosuccinase deficiency   , 2
13,ADSL  ,AR,Epilepsy ,Adenylosuccinase deficiency   , 2
14,ADSL  ,AR,Intellectual disability ,Adenylosuccinase deficiency   , 2
15,AFF2  ,XL,Intellectual disability , , 2
16,AFF2  ,XL,Autism , , 2
17,AHI1  ,AR,Molar tooth malformation ,Joubert syndrome related disorders   , 1
18,AIPL1  ,AR,Retinal dystrophy ,Leber amaurosis   , 1
19,AKT1  ,Postzygotic/Mosaic,Intellectual disability ,Proteus syndrome   , 2
20,AKT2  ,AD/de novo,Asymmetric overgrowth with hypoglycemia ,Asymmetric overgrowth with hypoglycemia   , 2
21,AKT3  ,AD/de novo,Postnatal microcephaly , , 3
22,AKT3  ,AD/de novo,Megalencephaly ,Megalencephaly polymicrogyria polydactyly hydrocephalus syndrome   , 2
23,AKT3  ,AD/de novo,Polymicrogyria ,Megalencephaly polymicrogyria polydactyly hydrocephalus syndrome   , 2
24,AKT3  ,AD/de novo,Agenesis of the corpus callosum , , 3
25,AKT3  ,AD/de novo,Hydrocephalus ,Megalencephaly polymicrogyria polydactyly hydrocephalus syndrome   , 2
26,AKT3  ,AD/de novo,Bilateral perisylvian polymicrogyria ,Megalencephaly polymicrogyria polydactyly hydrocephalus syndrome   , 2
27,AKT3  ,Postzygotic/Mosaic,Hemimegalencephaly , , 2
28,AKT3  ,AD/de novo,Epilepsy , , 3
29,AKT3  ,Postzygotic/Mosaic,Focal cortical dysplasia , , 2
30,AKT3  ,AD/de novo,Infantile spasms , , 3
31,ALDH1A3  ,AR,Microphthalmia , , 2
32,ALDH1A3  ,AR,Optic nerve hypoplasia , , 2
33,ALDH1A3  ,AR,Autism , , 3
34,ALDH5A1  ,AR,Epilepsy ,Succinic semialdehyde dehydrogenase deficiency   , 2
35,ALDH5A1  ,AR,Intellectual disability ,Succinic semialdehyde dehydrogenase deficiency   , 2
36,ALDH5A1  ,AR,Autism ,Succinic semialdehyde dehydrogenase deficiency   , 3
37,ALDH7A1  ,AR,Epilepsy ,Pyridoxine-dependent epilepsy   , 2
38,ALG1  ,AR,Microcephaly ,Congenital disorder of glycosylation type Ik   , 2
39,ALG1  ,AR,Postnatal microcephaly ,Congenital disorder of glycosylation type Ik   , 2
40,ALG1  ,AR,Epilepsy ,Congenital disorders of glycosylation type Ik   , 2
41,ALG12  ,AR,Microcephaly ,Congenital disorder of glycosylation type Ig   , 3
42,ALG12  ,AR,Postnatal microcephaly ,Congenital disorder of glycosylation type Ig   , 3
43,ALG12  ,AR,Intellectual disability ,Congenital disorder of glycosylation type Ig   , 3
44,ALG13  ,AD/de novo,Infantile spasms , , 3
45,ALG13  ,AD/de novo,Lennox-Gastaut syndrome , , 3
46,ALG13  ,AD/de novo,Epilepsy , , 3
47,ALG3  ,AR,Microcephaly ,Congenital disorder of glycosylation type Id   , 3
48,ALG3  ,AR,Epilepsy ,Congenital disorder of glycosylation type Id   , 3
49,ALG6  ,AR,Intellectual disability ,Congenital disorder of glycosylation type Ic   , 2
50,ALG6  ,AR,Ataxia ,Congenital disorder of glycosylation type Ic   , 2
51,ALG6  ,AR,Epilepsy ,Congenital disorder of glycosylation type Ic   , 2
52,ALG6  ,AR,Retinal dystrophy ,Congenital disorder of glycosylation type Ic   , 3
53,AMPD2  ,AR,Pontocerebellar hypoplasia , , 2
54,AMPD2  ,AR,Agenesis of corpus callosum , , 2
55,AMT  ,AR,Early infantile epileptic encephalopathy ,Nonketotic hyperglycinemia   , 1
56,AMT  ,AR,Infantile spasms ,Nonketotic hyperglycinemia   , 1
57,AMT  ,AR,Early myoclonic encephalopathy ,Nonketotic hyperglycinemia   , 1
58,AMT  ,AR,Developmental epilepsy ,Nonketotic hyperglycinemia   , 1
59,ANKRD11  ,AD,Intellectual disability ,KBG syndrome   , 2
60,AP1S2  ,XL,Cerebral calcifications , , 2
61,AP1S2  ,XL,Hydrocephalus , , 2
62,AP1S2  ,XL,Intellectual disability , , 2
63,AP1S2  ,XL,Dandy-Walker malformation , , 3
64,AP4B1  ,AR,Cerebral palsy (familial) , , 3
65,AP4B1  ,AR,Intellectual disability , , 3
66,AP4B1  ,AR,Spastic tetraplegia , , 3
67,AP4E1  ,AR,Cerebral palsy (familial) , , 3
68,AP4E1  ,AR,Intellectual disability , , 3
69,AP4E1  ,AR,Spastic tetraplegia , , 3
70,AP4M1  ,AR,Cerebral palsy (familial) , , 3
71,AP4M1  ,AR,Intellectual disability , , 3
72,AP4M1  ,AR,Spastic tetraplegia , , 3
73,AP4S1  ,AR,Cerebral palsy (familial) , , 3
74,AP4S1  ,AR,Intellectual disability , , 3
75,AP4S1  ,AR,Spastic tetraplegia , , 3
76,APC2  ,AR,Intellectual disability , , 3
77,ARFGEF2  ,AR,Periventricular nodular heterotopia , , 2
78,ARFGEF2  ,AR,Heterotopia , , 2
79,ARFGEF2  ,AR,Microcephaly , , 2
80,ARFGEF2  ,AR,Postnatal microcephaly , , 2
81,ARFGEF2  ,AR,Generalized polymicrogyria , , 2
82,ARFGEF2  ,AR,Dystonia , , 3
83,ARHGEF6  ,XL,Intellectual disability ,Borjeson-Forssman-Lehmann syndrome   , 2
84,ARHGEF9  ,XL,Intellectual disability , , 2
85,ARHGEF9  ,XL,Hyperekplexia , , 2
86,ARID1A  ,AD/de novo and Postzygotic/Mosaic,Intellectual disability ,Coffin-Siris syndrome   , 2
87,ARID1B  ,AD/de novo,Intellectual disability ,Coffin-Siris syndrome   , 2
88,ARL13B  ,AR,Molar tooth malformation ,Joubert syndrome related disorders   , 1
89,ARL6  ,AR,Intellectual disability ,Bardet-Biedl syndrome   , 2
90,ARL6  ,AR,Retinal dystrophy ,Bardet-Biedl syndrome   , 2
91,ARNT2  ,AR,Microcephaly , , 3
92,ARNT2  ,AR,Postnatal microcephaly , , 3
93,ARX  ,XL,Epilepsy , , 1
94,ARX  ,XL,Infantile spasms , , 1
95,ARX  ,XL,Early infantile epileptic encephalopathy , , 1
96,ARX  ,XL,Agenesis of the corpus callosum ,Proud syndrome   , 1
97,ARX  ,XL,Lissencephaly ,X-linked lissencephaly abnormal genitalia syndrome   , 1
98,ARX  ,XL,Intellectual disability ,Proud syndrome   , 1
99,ARX  ,XL,Lennox-Gastaut syndrome , , 2
100,ARX  ,XL,Developmental epilepsy , , 1
101,ASNS  ,AR,Microcephaly , , 3
102,ASNS  ,AR,Congenital microcephaly , , 3
103,ASNS  ,AR,Intellectual disability , , 3
104,ASNS  ,AR,Epilepsy , , 3
105,ASPM  ,AR,Microcephaly , , 1
106,ASPM  ,AR,Congenital microcephaly , , 1
107,ASPM  ,AR,Microcephaly with simplified gyral pattern , , 1
108,ASXL2  ,AD/de novo,Intellectual disability , , 3
109,ASXL2  ,AD/de novo,Macrocephaly , , 3
110,ASXL3  ,AD/de novo,Autism , , 3
111,ASXL3  ,AD/de novo,Microcephaly , , 3
112,ASXL3  ,AD/de novo,Intellectual disability , , 3
113,ATM  ,AR,Microcephaly ,Ataxia-Telangiectasia   , 1
114,ATP13A2  ,AR,Parkinsonism ,Kufor-Rakeb syndrome   , 2
115,ATP13A2  ,AR,Dystonia ,Kufor-Rakeb syndrome   , 3
116,ATP1A2  ,AD/de novo,Alternating hemiplegia , , 3
117,ATP1A3  ,AD,Dystonia ,Rapid-onset dystonia-Parkinsonism   , 1
118,ATP1A3  ,AD,Parkinsonism ,Rapid-onset dystonia-Parkinsonism   , 1
119,ATP1A3  ,AD,Alternating hemiplegia ,Alternating hemiplegia of childhood   , 2
120,ATP1A3  ,AD,Ataxia ,CAPOS syndrome   , 3
121,ATP1A3  ,AD,Sensorineural deafness ,CAPOS syndrome   , 3
122,ATP6AP2  ,XL,Intellectual disability , , 3
123,ATP6V0A2  ,AR,Cobblestone malformation ,Congenital disorder of glycosylation type II   , 1
124,ATP7A  ,XL,Epilepsy ,Menkes disease   , 1
125,ATP7A  ,XL,Infantile spasms ,Menkes disease   , 2
126,ATP7A  ,XL,Developmental regression ,Menkes disease   , 2
127,ATP7A  ,XL,Developmental epilepsy ,Menkes disease   , 2
128,ATR  ,AR,Microcephaly ,Seckel syndrome   , 2
129,ATR  ,AR,Congenital microcephaly ,Seckel syndrome   , 2
130,ATR  ,AR,Microcephaly with simplified gyral pattern ,Seckel syndrome   , 2
131,ATRX  ,XL,Intellectual disability ,Alpha-Thalassemia X-Linked Intellectual Disability syndrome   , 1
132,B3GALNT2  ,AR,Cobblestone malformation ,Walker-Warburg syndrome   , 3
133,B3GALNT2  ,AR,Cobblestone malformation ,Muscle-eye-brain syndrome   , 3
134,B3GALTL  ,AR,Hydrocephalus , , 3
135,B3GALTL  ,AR,Agenesis of the corpus callosum , , 3
136,B3GNT1  ,AR,Cobblestone malformation ,Walker-Warburg syndrome   , 3
137,B3GNT1  ,AR,Cobblestone malformation ,Muscle-eye-brain syndrome   , 3
138,B9D1  ,AR,Molar tooth malformation ,Joubert syndrome related disorders   , 3
139,B9D2  ,AR,Encephalocele ,Meckel-Gruber syndrome   , 3
140,BBS1  ,AR,Retinal dystrophy ,Bardet-Biedl syndrome   , 1
141,BBS1  ,AR,Intellectual disability ,Bardet-Biedl syndromee   , 1
142,BBS10  ,AR,Intellectual disability ,Bardet-Biedl syndrome   , 2
143,BBS10  ,AR,Retinal dystrophy ,Bardet-Biedl syndrome   , 2
144,BBS12  ,AR,Intellectual disability ,Bardet-Biedl syndrome   , 2
145,BBS12  ,AR,Retinal dystrophy ,Bardet-Biedl syndrome   , 2
146,BBS2  ,AR,Intellectual disability ,Bardet-Biedl syndrome   , 1
147,BBS2  ,AR,Retinal dystrophy ,Bardet-Biedl syndrome   , 1
148,BBS4  ,AR,Intellectual disability ,Bardet-Biedl syndrome   , 2
149,BBS4  ,AR,Retinal dystrophy ,Bardet-Biedl syndrome   , 2
150,BBS5  ,AR,Intellectual disability ,Bardet-Biedl syndrome   , 2
151,BBS5  ,AR,Retinal dystrophy ,Bardet-Biedl syndrome   , 2
152,BBS7  ,AR,Intellectual disability ,Bardet-Biedl syndrome   , 1
153,BBS7  ,AR,Retinal dystrophy ,Bardet-Biedl syndrome   , 1
154,BBS9  ,AR,Intellectual disability ,Bardet-Biedl syndrome   , 2
155,BBS9  ,AR,Retinal dystrophy ,Bardet-Biedl syndrome   , 2
156,BCAP31  ,XL,Dystonia , , 2
157,BCAP31  ,XL,Intellectual disability , , 2
158,BCAP31  ,XL,Sensorineural deafness , , 2
159,BCAP31  ,XL,Cerebellar atrophy , , 3
160,BCL11A  ,AD/de novo,Intellectual disability , , 3
161,BCOR  ,XL,Microphthalmia ,Lenz syndrome   , 1
162,BCOR  ,XL,Microcephaly ,Lenz syndrome   , 2
163,BMP4  ,AD/de novo,Microphthalmia , , 2
164,BRAF  ,AD/de novo,Intellectual disability ,Cardiofaciocutaneous syndrome   , 1
165,BRAF  ,AD,Intellectual disability ,Noonan syndrome   , 2
166,BRAF  ,AD,Cerebellar tonsillar ectopia ,Cardiofaciocutaneous syndrome   , 3
167,BRAF  ,AD,Cerebellar tonsillar ectopia ,Noonan syndrome   , 3
168,BRAT1  ,AR,Epilepsy , , 3
169,BRAT1  ,AR,Developmental epilepsy , , 3
170,BRF1  ,AR,Intellectual disability , , 2
171,BRF1  ,AR,Microcephaly , , 2
172,BRF1  ,AR,Cerebellar hypoplasia , , 2
173,BRWD3  ,XL,Intellectual disability , , 3
174,BRWD3  ,XL,Macrocephaly , , 3
175,C12orf57  ,AR,Agenesis of the corpus callosum , , 3
176,C12orf57  ,AR,Microphthalmia , , 3
177,C2orf37  ,AR,Dystonia ,Woodhouse-Sakati syndrome   , 3
178,C2orf37  ,AR,Intellectual disability ,Woodhouse-Sakati syndrome   , 3
179,C2orf37  ,AR,Sensorineural deafness ,Woodhouse-Sakati syndrome   , 3
180,C5orf42  ,AR,Molar tooth malformation ,Joubert syndrome related disorders   , 2
181,C8ORF37  ,AR,Retinal dystrophy , , 3
182,CA8  ,AR,Intellectual disability , , 3
183,CACNA1A  ,AD,Ataxia ,Episodic Ataxia type 2   , 2
184,CACNA1A  ,AD,Epilepsy ,Episodic Ataxia type 2   , 3
185,CACNA1A  ,AD,Intellectual disability ,Episodic Ataxia type 2   , 3
186,CACNA1A  ,AD,Autism ,Episodic Ataxia type 2   , 3
187,CACNA1C  ,AD/de novo,Autism ,Timothy syndrome   , 3
188,CACNA1D  ,AD/de novo,Autism , , 3
189,CACNA2D2  ,AR,Early Infantile Epileptic Encephalopathy , , 1
190,CACNA2D2  ,AR,Epilepsy , , 1
191,CADPS2  ,AD (maternal),Autism , , 3
192,CADPS2  ,AD (maternal),Epilepsy , , 3
193,CASC5  ,AR,Microcephaly , , 3
194,CASC5  ,AR,Congenital microcephaly , , 3
195,CASK  ,XL,Optic nerve hypoplasia , , 2
196,CASK  ,XL,Cerebellar hypoplasia , , 1
197,CASK  ,XL,Microcephaly , , 1
198,CASK  ,XL,Postnatal microcephaly , , 1
199,CASK  ,XL,Epilepsy , , 2
200,CC2D1A  ,AR,Intellectual disability , , 2
201,CC2D1A  ,AR,Retinal dystrophy , , 2
202,CC2D2A  ,AR,Molar tooth malformation ,Joubert syndrome related disorders   , 2
203,CC2D2A  ,AR,Cerebellar vermis hypoplasia ,COACH syndrome   , 2
204,CCBE1  ,AR,Intellectual disability ,Hennekam syndrome   , 3
205,CCDC88A  ,AR,Intellectual disability ,PEHO syndrome   , 3
206,CCDC88A  ,AR,Epilepsy ,PEHO syndrome   , 3
207,CCDC88A  ,AR,Developmental epilepsy ,PEHO syndrome   , 3
208,CCDC88A  ,AR,Infantile spasms ,PEHO syndrome   , 3
209,CCDC88A  ,AR,Cerebellar atrophy ,PEHO syndrome   , 3
210,CCDC88A  ,AR,Microcephaly ,PEHO syndrome   , 3
211,CCDC88C  ,AR,Hydrocephalus , , 2
212,CCM2  ,AD/de novo,Cerebral cavernous malformations , , 3
213,CCND2  ,AD/de novo,Megalencephaly ,Megalencephaly polymicrogyria polydactyly hydrocephalus syndrome   , 2
214,CCND2  ,AD/de novo,Polymicrogyria ,Megalencephaly polymicrogyria polydactyly hydrocephalus syndrome   , 2
215,CDC6  ,AR,Microcephaly ,Meier-Gorlin syndrome   , 3
216,CDH15  ,AD/de novo,Intellectual disability , , 3
217,CDK5  ,AR,Lissencephaly , , 3
218,CDK5  ,AR,Cerebellar hypoplasia , , 3
219,CDK5RAP2  ,AR,Microcephaly , , 1
220,CDK5RAP2  ,AR,Congenital microcephaly , , 1
221,CDK5RAP2  ,AR,Microcephaly with simplified gyral pattern , , 1
222,CDK5RAP2  ,AR,Agenesis of the corpus callosum , , 3
223,CDK6  ,AR,Microcephaly , , 2
224,CDK6  ,AR,Congenital microcephaly , , 2
225,CDKL5  ,XL,Epilepsy , , 1
226,CDKL5  ,XL,Developmental encephalopathy , , 1
227,CDKL5  ,XL,Infantile spasms , , 1
228,CDKL5  ,XL,Early infantile epileptic encephalopathy , , 1
229,CDKL5  ,XL,Lennox-Gastaut syndrome , , 2
230,CDKL5  ,XL,Developmental epilepsy , , 1
231,CDKN1C  ,IMPR,Dandy-Walker malformation ,Beckwith-Wiedemann syndrome   , 3
232,CDT1  ,AR,Microcephaly ,Meier-Gorlin syndrome   , 3
233,CENPE  ,AR,Microcephaly ,Microcephalic osteodysplastic primordial dwarfism   , 2
234,CENPF  ,AR,Microcephaly , , 3
235,CENPF  ,AR,Agenesis of corpus callosum , , 3
236,CENPF  ,AR,Congenital microcephaly , , 3
237,CENPJ  ,AR,Microcephaly ,Seckel syndrome   , 2
238,CENPJ  ,AR,Congenital microcephaly ,Seckel syndrome   , 2
239,CENPJ  ,AR,Microcephaly with simplified gyral pattern ,Seckel syndrome   , 2
240,CEP120  ,AR,Molar tooth malformation ,Joubert syndrome related disorders   , 3
241,CEP135  ,AR,Microcephaly , , 2
242,CEP135  ,AR,Congenital microcephaly , , 2
243,CEP152  ,AR,Microcephaly ,Seckel syndrome   , 2
244,CEP152  ,AR,Congenital microcephaly , , 2
245,CEP152  ,AR,Microcephaly with simplified gyral pattern , , 2
246,CEP290  ,AR,Retinal dystrophy ,Leber amaurosis   , 1
247,CEP290  ,AR,Molar tooth malformation ,Joubert syndrome related disorders   , 1
248,CEP290  ,AR,Retinal dystrophy ,Bardet-Biedl syndrome   , 3
249,CEP290  ,AR,Intellectual disability ,Bardet-Biedl syndrome   , 3
250,CEP41  ,AR,Molar tooth malformation ,Joubert syndrome related disorders   , 2
251,CEP63  ,AR,Microcephaly ,Seckel syndrome   , 3
252,CEP63  ,AR,Congenital microcephaly ,Seckel syndrome   , 3
253,CHAMP1  ,AD/de novo,Intellectual disability , , 3
254,CHD2  ,AD/de novo,Epilepsy , , 3
255,CHD2  ,AD/de novo,Intellectual disability , , 3
256,CHD2  ,AD/de novo,Lennox-Gastaut syndrome , , 3
257,CHD7  ,AD,Microphthalmia ,CHARGE syndrome   , 1
258,CHD8  ,AD/de novo,Autism , , 2
259,CHD8  ,AD/de novo,Macrocephaly , , 2
260,CHIP  ,AR,Ataxia , , 3
261,CHMP1A  ,AR,Pontocerebellar hypoplasia , , 3
262,CHRNA2  ,AD,Frontal lobe epilepsy ,Autosomal dominant nocturnal frontal lobe epilepsy   , 2
263,CHRNA4  ,AD,Frontal lobe epilepsy ,Autosomal dominant nocturnal frontal lobe epilepsy   , 2
264,CHRNA4  ,AD,Autism ,Autosomal dominant nocturnal frontal lobe epilepsy   , 3
265,CHRNA7  ,AD/de novo,Epilepsy , , 3
266,CHRNA7  ,AD/de novo,Intellectual disability , , 3
267,CHRNB2  ,AD,Frontal lobe epilepsy ,Autosomal dominant nocturnal frontal lobe epilepsy   , 2
268,CIT  ,AR,Microcephaly , , 3
269,CIT  ,AR,Congenital microcephaly , , 3
270,CNTN2  ,AR,Epilepsy , , 3
271,CNTNAP2  ,AD or AR,Epilepsy , , 3
272,CNTNAP2  ,AD or AR,Autism , , 3
273,COG7  ,AR,Microcephaly ,Congenital disorder of glycosylation type II   , 3
274,COG7  ,AR,Cobblestone malformation ,Congenital disorder of glycosylation type II   , 2
275,COG8  ,AR,Cobblestone malformation ,Congenital disorder of glycosylation type IIh   , 2
276,COL18A1  ,AD/de novo,Polymicrogyria , , 3
277,COL18A1  ,AD/de novo,Encephalocele ,Knobloch syndrome   , 1
278,COL4A1  ,AD/de novo,Porencephaly , , 2
279,COL4A1  ,AD/de novo,Cerebral calcifications , , 3
280,COL4A1  ,AD/de novo,Focal cortical dysplasia , , 3
281,COL4A1  ,AD/de novo,Schizcencephaly , , 2
282,COL4A2  ,AD/de novo,Familial Porencephaly , , 2
283,COX20  ,AR,Dystonia , , 3
284,COX20  ,AR,Ataxia , , 3
285,CRADD  ,AR,Lissencephaly , , 3
286,CRADD  ,AR,Pachygyria , , 3
287,CRADD  ,AR,Megalencephaly , , 3
288,CRADD  ,AR,Epilepsy , , 3
289,CRADD  ,AR,Intellectual disability , , 3
290,CRB1  ,AR,Retinal dystrophy ,Leber amaurosis   , 1
291,CRBN  ,AR,Intellectual disability , , 2
292,CREBBP  ,AD/de novo,Intellectual disability ,Rubinstein-Taybi syndrome   , 2
293,CREBBP  ,AD/de novo,Postnatal microcephaly ,Rubinstein-Taybi syndrome   , 2
294,CREBBP  ,AD/de novo,Microcephaly ,Rubinstein-Taybi syndrome   , 2
295,CRX  ,AD,Retinal dystrophy ,Leber amaurosis   , 1
296,CSNK2A1  ,AD/de novo,Microcephaly , , 3
297,CSNK2A1  ,AD/de novo,Intellectual disability , , 3
298,CTBP1  ,AD/de novo,Intellectual disability , , 3
299,CTBP1  ,AD/de novo,Ataxia , , 3
300,CTCF  ,AD/de novo,Intellectual disability , , 3
301,CTCF  ,AD/de novo,Microcephaly , , 3
302,CTNNB1  ,AD/de novo,Hyperekplexia , , 3
303,CTNNB1  ,AD/de novo,Intellectual disability , , 3
304,CTNNB1  ,AD/de novo,Microcephaly , , 3
305,CTNND2  ,AD/de novo,Autism , , 3
306,CUL4B  ,XL,Intellectual disability , , 2
307,CUL4B  ,XL,Macrocephaly , , 3
308,CYFIP1  ,AD/de novo,Epilepsy , , 3
309,CYFIP1  ,AD/de novo,Intellectual disability , , 3
310,DAB1  ,AR,Cerebellar hypoplasia , , 2
311,DAG1  ,AR,Cobblestone malformation , , 2
312,DCDC2  ,AD/de novo,Dyslexia , , 2
313,DCHS1  ,AR,Periventricular nodular heterotopia , , 2
314,DCHS1  ,AR,Heterotopia , , 2
315,DCX  ,XL,Subcortical band heterotopia , , 1
316,DCX  ,XL,Lissencephaly , , 1
317,DCX  ,XL,Epilepsy , , 2
318,DCX  ,XL,Lennox-Gastaut syndrome , , 3
319,DCX  ,XL,Pachygyria , , 1
320,DCX  ,XL,Developmental epilepsy , , 3
321,DDB2  ,AR,Microcephaly ,Xeroderma Pigmentosum   , 1
322,DEPDC5  ,AD,Partial epilepsy ,Familial focal epilepsy with variable foci   , 2
323,DEPDC5  ,AD,Focal cortical dysplasia , , 3
324,DHCR7  ,AR,Intellectual disability ,Smith-Lemli-Opitz syndrome   , 1
325,DHCR7  ,AR,Microcephaly ,Smith-Lemli-Opitz syndrome   , 1
326,DISC1  ,AD/de novo,Agenesis of the corpus callosum , , 3
327,DKC1  ,XL,Microcephaly ,Hoyeraal-Hreidarsson syndrome   , 3
328,DKC1  ,XL,Congenital microcephaly ,Hoyeraal-Hreidarsson syndrome   , 3
329,DKC1  ,XL,Pontocerebellar hypoplasia ,Hoyeraal-Hreidarsson syndrome   , 3
330,DKC1  ,XL,Intellectual disability ,Hoyeraal-Hreidarsson syndrome   , 3
331,DLG3  ,XL,Intellectual disability , , 2
332,DMD  ,XL,Intellectual disability ,Duchenne muscular dystrophy   , 1
333,DMPK  ,AD,Intellectual disability ,Myotonic dystrophy type 1   , 2
334,DMPK  ,AD,Autism ,Myotonic dystrophy type 1   , 2
335,DNM1  ,AD/De novo,Epilepsy , , 3
336,DNM1  ,AD/De novo,Developmental epilepsy , , 3
337,DNM1L  ,AD/de novo,Microcephaly , , 3
338,DNM1L  ,AD/de novo,Postnatal microcephaly , , 3
339,DNM1L  ,AD/de novo,Intellectual disability , , 3
340,DNMT3A  ,AD/de novo,Intellectual disability , , 3
341,DOCK7  ,AR,Epilepsy , , 3
342,DOCK7  ,AR,Intellectual disability , , 3
343,DPAGT1  ,AR,Epilepsy ,Congenital disorder of glycosylation type Ij   , 3
344,DPAGT1  ,AR,Microcephaly ,Congenital disorder of glycosylation type Ij   , 3
345,DPAGT1  ,AR,Intellectual disability ,Congenital disorder of glycosylation type Ij   , 3
346,DPM1  ,AR,Microcephaly ,Congenital disorder of glycosylation type Ie   , 3
347,DPM1  ,AR,Epilepsy ,Congenital disorder of glycosylation type Ie   , 3
348,DPM1  ,AR,Intellectual disability ,Congenital disorder of glycosylation type Ie   , 3
349,DYM  ,AR,Intellectual disability ,Dyggve-Melchior-Clausen syndrome   , 3
350,DYM  ,AR,Microcephaly ,Dyggve-Melchior-Clausen syndrome   , 3
351,DYNC1H1  ,AD/de novo,Microcephaly , , 3
352,DYNC1H1  ,AD/de novo,Polymicrogyria , , 3
353,DYNC1H1  ,AD/de  novo,Agenesis of the corpus callosum , , 3
354,DYNC1H1  ,AD/de novo,Lissencephaly , , 3
355,DYRK1A  ,AD/de novo,Microcephaly , , 1
356,DYRK1A  ,AD/de novo,Intellectual disability , , 2
357,DYRK1A  ,AD/de novo,Autism , , 2
358,EED  ,AD/de novo,Overgrowth and macrocephaly ,Overgrowth and macrocephaly   , 3
359,EEF1A2  ,AD/de novo,Epilepsy , , 3
360,EEF1A2  ,AD/de novo,Autism , , 3
361,EEF1A2  ,AD/de novo,Intellectual disability , , 3
362,EEF1A2  ,AD/de novo,Postnatal microcephaly , , 3
363,EFTUD2  ,AD/de novo,Microcephaly ,Mandibulofacial dysostosis with microcephaly   , 3
364,EHMT1  ,AD/de novo,Intellectual disability ,Kleefstra syndrome   , 2
365,EHMT1  ,AD/de novo,Autism ,Kleefstra syndrome   , 3
366,EHMT1  ,AD/de novo,Epilepsy ,Kleefstra syndrome   , 3
367,EHMT1  ,AD/de novo,Developmental encephalopathy ,Kleefstra syndrome   , 3
368,EIF2AK3  ,AD/de novo,Microcephaly , , 3
369,EP300  ,AD/de novo,Intellectual disability ,Rubinstein-Taybi syndrome   , 3
370,EP300  ,AD/de novo,Postnatal microcephaly ,Rubinstein-Taybi syndrome   , 3
371,EP300  ,AD/de novo,Microcephaly ,Rubinstein-Taybi syndrome   , 3
372,EPG5  ,AR,Agenesis of corpus callosum ,Vici syndrome   , 2
373,EPG5  ,AR,Intellectual disability ,Vici syndrome   , 2
374,EPG5  ,AR,Epilepsy ,Vici syndrome   , 2
375,EPG5  ,AR,Developmental epilepsy ,Vici syndrome   , 2
376,EPG5  ,AR,Infantile spasms ,Vici syndrome   , 2
377,ERCC1  ,AR,Microcephaly ,Xeroderma Pigmentosum   , 1
378,ERCC2  ,AR,Microcephaly ,Xeroderma Pigmentosum   , 1
379,ERCC3  ,AR,Microcephaly ,Xeroderma Pigmentosum   , 1
380,ERCC4  ,AR,Microcephaly ,Xeroderma Pigmentosum   , 1
381,ERCC5  ,AR,Microcephaly ,Xeroderma Pigmentosum   , 1
382,ERCC6  ,AR,Microcephaly ,Cerebro-Oculo-Facio-Skeletal syndrome   , 2
383,ERCC6  ,AR,Microphthalmia ,Cerebro-Oculo-Facio-Skeletal syndrome   , 2
384,ERCC6  ,AR,Intellectual disability ,Cerebro-Oculo-Facio-Skeletal syndrome   , 2
385,ERCC6  ,AR,Postnatal microcephaly ,Cockayne syndrome   , 1
386,ERCC6  ,AR,Intellectual disability ,Cockayne syndrome   , 1
387,ERCC6  ,AR,Microcephaly ,Cockayne syndrome   , 1
388,ERCC6  ,AR,Cerebral calcifications ,Cockayne syndrome   , 2
389,ERCC8  ,AR,Postnatal microcephaly ,Cockayne syndrome   , 1
390,ERCC8  ,AR,Intellectual disability ,Cockayne syndrome   , 1
391,ERCC8  ,AR,Microcephaly ,Cockayne syndrome   , 1
392,ERCC8  ,AR,Cerebral calcifications ,Cockayne syndrome   , 2
393,ERLIN2  ,AR,Intellectual disability , , 3
394,EXOSC3  ,AR,Pontocerebellar hypoplasia ,Pontocerebellar hypoplasia type 1   , 2
395,EXOSC3  ,AR,Cerebellar atrophy , , 3
396,EXOSC3  ,AR,Intellectual disability , , 3
397,EZH2  ,AD/de novo,Intellectual disability ,Weaver syndrome   , 3
398,FAT4  ,AR,Periventricular nodular heterotopia , , 2
399,FAT4  ,AR,Heterotopia , , 2
400,FBXO31  ,AR,Intellectual disability , , 3
401,FGFR1  ,AD and AR,Holoprosencephaly ,Hartsfield syndrome   , 1
402,FGFR1  ,AD and AR,Epilepsy ,Hartsfield syndrome   , 2
403,FGFR1  ,AD and AR,Microcephaly ,Hartsfield syndrome   , 2
404,FGFR2  ,AD,Craniosynostosis ,Apert syndrome   , 1
405,FGFR2  ,AD,Craniosynostosis ,Crouzon syndrome   , 1
406,FGFR2  ,AD,Craniosynostosis ,Pfeiffer syndrome   , 1
407,FGFR3  ,AD,Craniosynostosis ,Crouzon with acanthosis nigricans syndrome   , 1
408,FH  ,AR,Polymicrogyria ,Fumarate hydratase deficiency   , 3
409,FIG4  ,AR,Epilepsy , , 3
410,FIG4  ,AR,Polymicrogyria , , 3
411,FKRP  ,AR,Cobblestone malformation ,Walker-Warburg syndrome   , 1
412,FKRP  ,AR,Cobblestone malformation ,Muscle-eye-brain syndrome   , 1
413,FKTN  ,AR,Cobblestone malformation ,Walker-Warburg syndrome   , 1
414,FKTN  ,AR,Cobblestone malformation ,Fukuyama Congenital Muscular Dystrophy   , 1
415,FLNA  ,XL,Periventricular nodular heterotopia ,X-linked periventricular nodular heterotopia syndrome   , 1
416,FLNA  ,XL,Heterotopia ,X-linked periventricular nodular heterotopia syndrome   , 1
417,FMR1  ,XL,Intellectual disability ,Fragile X syndrome   , 1
418,FMR1  ,XL,Autism ,Fragile X syndrome   , 1
419,FMR1  ,XL,Macrocephaly ,Fragile X syndrome   , 1
420,FOXC1  ,AD/de novo,Cerebellar vermis hypoplasia ,Axenfeld-Rieger syndrome   , 1
421,FOXC1  ,AD/de novo,Dandy-Walker malformation , , 2
422,FOXC1  ,AD/de novo,Mega cisterna magna , , 2
423,FOXE3  ,AD/de novo,Microphthalmia , , 3
424,FOXG1  ,AD/de novo,Developmental encephalopathy , , 2
425,FOXG1  ,AD/de novo,Epilepsy , , 2
426,FOXG1  ,AD/de novo,Infantile spasms , , 2
427,FOXG1  ,AD/de novo,Agenesis of the corpus callosum , , 2
428,FOXG1  ,AD/de novo,Pachygyria , , 2
429,FOXG1  ,AD/de novo,Microcephaly , , 2
430,FOXG1  ,AD/de novo,Postnatal microcephaly , , 2
431,FOXG1  ,AD/de novo,Developmental epilepsy , , 2
432,FOXH1  ,AD/de novo,Holoprosencephaly , , 2
433,FOXP1  ,AD/de novo,Intellectual disability , , 2
434,FOXP1  ,AD/de novo,Autism , , 2
435,FOXP2  ,AD/de novo,Dyslexia , , 2
436,FRAS1  ,AR,Intellectual disability ,Fraser syndrome   , 2
437,FREM2  ,AR,Intellectual disability ,Fraser syndrome   , 3
438,FTSJ1  ,XL,Intellectual disability , , 2
439,GABRA1  ,AD/de novo,Epilepsy ,Generalized epilepsy with febrile seizures plus   , 2
440,GABRA1  ,AD/de novo,Epilepsy ,Dravet syndrome   , 3
441,GABRB1  ,AD/de novo,Epilepsy , , 3
442,GABRB3  ,AD/de novo,Epilepsy ,Generalized epilepsy with febrile seizures plus   , 2
443,GABRB3  ,AD/de novo,Infantile spasms , , 3
444,GABRB3  ,AD/de novo,Lennox-Gastaut syndrome , , 3
445,GABRB3  ,AD/de novo,Developmental epilepsy , , 3
446,GABRD  ,AD/de novo,Epilepsy ,Generalized epilepsy with febrile seizures plus   , 2
447,GABRG2  ,AD/de novo,Epilepsy ,Generalized epilepsy with febrile seizures plus   , 2
448,GCSH  ,AR,Early infantile epileptic encephalopathy ,Nonketotic hyperglycinemia   , 1
449,GCSH  ,AR,Infantile spasms ,Nonketotic hyperglycinemia   , 1
450,GCSH  ,AR,Agenesis of the corpus callosum ,Nonketotic hyperglycinemia   , 2
451,GCSH  ,AR,Early myoclonic encephalopathy ,Nonketotic hyperglycinemia   , 1
452,GCSH  ,AR,Developmental epilepsy ,Nonketotic hyperglycinemia   , 1
453,GDF3  ,AD/de novo,Microphthalmia , , 3
454,GDI1  ,XL,Intellectual disability , , 1
455,GJA1  ,AD?,Microphthalmia ,Hallermann-Streiff syndrome   , 3
456,GJB1  ,XL,Ataxia , , 3
457,GJB2  ,AR,Sensorineural deafness ,Nonsyndromic hearing loss and deafness   , 1
458,GJB6  ,AR,Sensorineural deafness ,Nonsyndromic hearing loss and deafness   , 1
459,GLDC  ,AR,Early infantile epileptic encephalopathy ,Nonketotic hyperglycinemia   , 1
460,GLDC  ,AR,Infantile spasms ,Nonketotic hyperglycinemia   , 1
461,GLDC  ,AR,Agenesis of the corpus callosum ,Nonketotic hyperglycinemia   , 2
462,GLDC  ,AR,Early myoclonic encephalopathy ,Nonketotic hyperglycinemia   , 1
463,GLDC  ,AR,Developmental epilepsy ,Nonketotic hyperglycinemia   , 1
464,GLI2  ,AD/de novo,Holoprosencephaly , , 2
465,GLI3  ,AD/de novo,Megalencephaly ,Greig Cephalosyndactyly   , 1
466,GLI3  ,AD/de novo,Megalencephaly ,Acrocallosal syndrome   , 1
467,GLRA1  ,AD and AR,Hyperekplexia , , 1
468,GLRB  ,AR,Hyperekplexia , , 3
469,GNAO1  ,AD/de novo and Postzygotic/Mosaic,Epilepsy , , 3
470,GNAO1  ,AD/de novo and Postzygotic/Mosaic,Developmental epilepsy , , 3
471,GNAO1  ,AD/de novo and Postzygotic/Mosaic,Infantile spasms , , 3
472,GNAQ  ,Postzygotic/Mosaic, ,Sturge Weber Syndrome   , 1
473,GNAS  ,Postzygotic/Mosaic, ,McCune-Albright Syndrome   , 1
474,GPC3  ,XL,Intellectual disability ,Simpson-Golabi-Behmel syndrome   , 1
475,GPC4  ,XL,Intellectual disability ,Simpson-Golabi-Behmel syndrome   , 2
476,GPHN  ,AD/de novo,Autism , , 3
477,GPHN  ,AD/de novo,Hyperekplexia , , 3
478,GPR56  ,AR,Cobblestone malformation , , 1
479,GPR56  ,AR,Lennox-Gastaut syndrome , , 2
480,GPR56  ,AR,Epilepsy , , 2
481,GPR56  ,AR,Developmental epilepsy , , 2
482,GPSM2  ,AR,Agenesis of the corpus callosum ,Chudley-McCullough syndrome   , 2
483,GPSM2  ,AR,Sensorineural deafness ,Chudley-McCullough syndrome   , 2
484,GPSM2  ,AR,Frontal-predominant polymicrogyria ,Chudley-McCullough syndrome   , 2
485,GPSM2  ,AR,Polymicrogyria ,Chudley-McCullough syndrome   , 2
486,GPSM2  ,AR,Hydrocephalus ,Chudley McCullough syndrome   , 2
487,GPT2  ,AR,Intellectual disability , , 3
488,GPT2  ,AR,Developmental encephalopathy , , 3
489,GRIA3  ,XL,Intellectual disability , , 3
490,GRID2  ,AR,Cerebellar atrophy , , 3
491,GRID2  ,AR,Ataxia , , 3
492,GRIK2  ,AR,Intellectual disability , , 3
493,GRIN1  ,AD/de novo,Epilepsy , , 3
494,GRIN1  ,AD/de novo,Infantile spasms , , 3
495,GRIN1  ,AD/de novo,Developmental epilepsy , , 3
496,GRIN2A  ,AD/de novo,Epilepsy , , 3
497,GRIN2A  ,AD/de novo,Landau-Kleffner syndrome , , 3
498,GRIN2A  ,AD/de novo,Continuous spike and waves during slow-wave sleep syndrome , , 3
499,GRIN2B  ,AD/de novo,Epilepsy , , 3
500,GRIP1  ,AR,Intellectual disability ,Fraser syndrome   , 3
501,GTDC2  ,AR,Cobblestone malformation ,Walker-Warburg syndrome   , 3
502,GUCY2D  ,AR,Retinal dystrophy ,Leber amaurosis   , 1
503,HCCS  ,XL,Microphthalmia ,Microphthalmia with linear skin defects syndrome   , 2
504,HCCS  ,XL,Agenesis of corpus callosum ,Microphthalmia with linear skin defects syndrome   , 2
505,HCCS  ,XL,Microcephaly ,Microphthalmia with linear skin defects syndrome   , 2
506,HCN1  ,AD/de novo,Epilepsy , , 3
507,HCN1  ,AD/de novo,Intellectual disability , , 3
508,HEPACAM  ,AR,Megalencephaly ,Megalencephalic Leukoncephalopathy with Subcortical Cysts   , 1
509,HESX1  ,AD/de novo,Pituitary malformation ,Septooptic dysplasia   , 1
510,HESX1  ,AD/de novo,Optic nerve hypoplasia ,Septooptic dysplasia   , 1
511,HNRNPU  ,AD/de novo,Epilepsy , , 3
512,HNRNPU  ,AD/de novo,Infantile Spasms , , 3
513,HPCA  ,AR,Dystonia , , 3
514,HRAS  ,AD/de novo,Cerebellar tonsillar ectopia ,Costello syndrome   , 1
515,HRAS  ,Postzygotic/Mosaic,Epilepsy ,Sebaceous nevus syndrome   , 3
516,HSD17B10  ,XL,Intellectual disability , , 2
517,HTT  ,AD,Chorea ,Huntington disease   , 1
518,HUWE1  ,XL,Intellectual disability , , 3
519,HYLS1  ,AR,Hydrocephalus ,Hydrolethalus syndrome   , 2
520,IER3IP1  ,AR,Epilepsy , , 3
521,IER3IP1  ,AR,Microcephaly , , 3
522,IER3IP1  ,AR,Intellectual disability , , 3
523,IL1RAPL1  ,XL,Intellectual disability , , 2
524,IMPDH1  ,AR,Retinal dystrophy ,Leber amaurosis   , 1
525,INPP5E  ,AR,Molar tooth malformation ,Joubert syndrome related disorders   , 1
526,IQSEC2  ,XL,Intellectual disability , , 3
527,IQSEC2  ,XL,Microcephaly , , 3
528,IQSEC2  ,XL,Postnatal microcephaly , , 3
529,IQSEC2  ,XL,Epilepsy , , 3
530,ISPD  ,AR,Cobblestone malformation ,Walker-Warburg syndrome   , 2
531,ITGB6  ,AR,Intellectual disability ,Alopecia with mental retardation   , 3
532,JARID1C  ,XL,Autism , , 3
533,JARID1C  ,XL,Intellectual disability , , 2
534,JARID1C  ,XL,Microcephaly , , 3
535,KAL1  ,XL,Agenesis of corpus callosum ,Kallmann syndrome   , 2
536,KAL1  ,XL,Sensorineural deafness ,Kallmann syndrome   , 2
537,KANK1  ,IMPR,Cerebral palsy (familial) , , 2
538,KANK1  ,IMPR,Intellectual disability , , 2
539,KANK1  ,IMPR,Spastic tetraplegia , , 2
540,KANSL1  ,AD/de novo,Intellectual disability , , 3
541,KAT6A  ,AD/de novo,Intellectual disability , , 2
542,KAT6A  ,AD/de novo,Microcephaly , , 2
543,KAT6A  ,AD/de novo,Congenital microcephaly , , 2
544,KAT6B  ,AD/de novo,Intellectual disability ,Ohdo syndrome   , 2
545,KATNAL2  ,AD/de novo,Autism , , 3
546,KATNB1  ,AR,Congenital microcephaly , , 2
547,KATNB1  ,AR,Microcephaly , , 2
548,KCNA2  ,AD/de novo,Developmental epilepsy , , 2
549,KCNA2  ,AD/de novo,Intellectual disability , , 2
550,KCNA2  ,AD/de novo,Epilepsy , , 2
551,KCNA2  ,AD/de novo,Ataxia , , 3
552,KCNB1  ,AD/de novo,Epilepsy , , 3
553,KCNB1  ,AD/de novo,Developmental epilepsy , , 3
554,KCNH1  ,AD/De novo and Postzygotic/Mosaic,Epilepsy ,Temple-Baraitser syndrome   , 2
555,KCNH1  ,AD/De novo and Postzygotic/Mosaic,Intellectual disability ,Temple-Baraitser syndrome   , 2
556,KCNJ11  ,AD/de novo,Epilepsy ,"Developmental delay, epilepsy, neonatal diabetes   ", 1
557,KCNJ11  ,AD/de novo,Infantile spasms ,"Developmental delay, epilepsy, neonatal diabetes   ", 1
558,KCNJ11  ,AD/de novo,Developmental epilepsy ,"Developmental delay, epilepsy, neonatal diabetes   ", 1
559,KCNJ13  ,AR,Retinal dystrophy ,Leber amaurosis   , 1
560,KCNJ6  ,AD/De novo,Intellectual disability ,Keppen-Lubinsky syndrome   , 3
561,KCNJ6  ,AD/De novo,Microcephaly ,Keppen-Lubinsky syndrome   , 3
562,KCNJ8  ,AD/de novo,Macrocephaly ,Cantu syndrome   , 3
563,KCNQ2  ,AD/de novo,Epilepsy ,Benign familial neonatal seizures   , 2
564,KCNQ2  ,AD/de novo,Early infantile epileptic encephalopathy , , 3
565,KCNQ2  ,AD/de novo,Benign epilepsy of childhood with centrotemporal spikes , , 3
566,KCNQ2  ,AD/de novo,Developmental epilepsy , , 3
567,KCNQ3  ,AD/de novo,Epilepsy ,Benign familial neonatal seizures   , 2
568,KCNT1  ,AD,Malignant migrating partial seizures of infancy , , 3
569,KCNT1  ,AD,Frontal lobe epilepsy ,Autosomal dominant nocturnal frontal lobe epilepsy   , 2
570,KCNT1  ,AD,Epilepsy , , 2
571,KDM5C  ,XL,Intellectual disability , , 2
572,KDM6A  ,AD/de novo,Intellectual disability ,Kabuki syndrome   , 3
573,KIAA0586  ,AR,Molar tooth malformation ,Joubert syndrome related disorders   , 3
574,KIAA1279  ,AR,Polymicrogyria ,Goldberg-Shprintzen syndrome   , 2
575,KIAA1279  ,AR,Generalized polymicrogyria ,Goldberg-Shprintzen syndrome   , 2
576,KIAA2022  ,XL,Intellectual disability , , 3
577,KIAA2022  ,XL,Autism , , 3
578,KIF11  ,AD,Microcephaly ,Microcephaly with lymphedema and chorioretinopathy   , 2
579,KIF11  ,AD,Retinal dystrophy ,Microcephaly with lymphedema and chorioretinopathy   , 2
580,KIF14  ,AR,Microcephaly , , 3
581,KIF14  ,AR,Congenital microcephaly , , 3
582,KIF2A  ,AD/de novo,Lissencephaly , , 3
583,KIF4A  ,XL,Epilepsy , , 3
584,KIF4A  ,XL,Intellectual disability , , 3
585,KIF5C  ,Postzygotic/Mosaic,Agenesis of the corpus callosum , , 3
586,KIF5C  ,Postzygotic/Mosaic,Microcephaly , , 3
587,KIF5C  ,Postzygotic/Mosaic,Polymicrogyria , , 3
588,KIF5C  ,AD/de novo,Epilepsy , , 3
589,KIF7  ,AR,Molar tooth malformation ,Joubert syndrome related disorders   , 3
590,KIF7  ,AR,Agenesis of corpus callosum ,Acrocallosal syndrome   , 2
591,KIF7  ,AR,Intellectual disability ,Acrocallosal syndrome   , 2
592,KIF7  ,AR,Macrocephaly ,Acrocallosal syndrome   , 2
593,KIRREL3  ,AD/de novo,Intellectual disability , , 3
594,KMT2A  ,AD/de novo,Intellectual disability ,Wiedemann-Steiner syndrome   , 2
595,KPNA7  ,AR,Infantile spasms , , 3
596,KPNA7  ,AR,Epilepsy , , 3
597,KPNA7  ,AR,Developmental epilepsy , , 3
598,KPNA7  ,AR,Cerebellar vermis hypoplasia , , 3
599,KPNA7  ,AR,Lennox-Gastaut syndrome , , 3
600,KPTN  ,AR,Megalencephaly , , 3
601,KPTN  ,AR,Epilepsy , , 3
602,KPTN  ,AR,Intellectual disability , , 3
603,KRAS  ,AD/de novo,Intellectual disability ,Costello syndrome   , 1
604,KRAS  ,AD/de novo,Intellectual disability ,Noonan syndrome   , 1
605,KRAS  ,AD/de novo,Intellectual disability ,Cardiofaciocutaneous syndrome   , 1
606,KRAS  ,Postzygotic/Mosaic,Epilepsy ,Sebaceous nevus syndrome   , 3
607,KRIT1  ,AD/De novo,Cerebral cavernous malformations , , 3
608,L1CAM  ,XL,Hydrocephalus ,X-linked hydrocephalus   , 1
609,L1CAM  ,XL,Agenesis of the corpus callosum ,X-linked hydrocephalus   , 1
610,L1CAM  ,XL,Intellectual disability ,X-linked hydrocephalus   , 1
611,L1CAM  ,XL,Agenesis of the corpus callosum ,MASA syndrome   , 1
612,L1CAM  ,XL,Intellectual disability ,MASA syndrome   , 1
613,LAMA2  ,AR,Epilepsy , , 3
614,LAMB1  ,AR,Cobblestone malformation , , 2
615,LAMB1  ,AR,Encephalocele , , 2
616,LAMC1  ,AD,Dandy-Walker malformation , , 3
617,LAMC1  ,AD,Encephalocele , , 3
618,LAMC3  ,AR,Cobblestone malformation , , 2
619,LARGE  ,AR,Cobblestone malformation ,Walker-Warburg syndrome   , 2
620,LARGE  ,AR,Cobblestone malformation ,Muscle-eye-brain syndrome   , 2
621,LARGE  ,AR,Cobblestone malformation ,Fukuyama congenital muscular dystrophy   , 2
622,LCA5  ,AR,Retinal dystrophy ,Leber amaurosis   , 1
623,LGI1  ,AD,Epilepsy ,Autosomal dominant partial epilepsy with auditory features   , 2
624,LGI1  ,AD,Partial epilepsy ,Autosomal dominant partial epilepsy with auditory features   , 2
625,LIG4  ,AR,Microcephaly ,LIG4 syndrome   , 1
626,LONP1  ,AR,Intellectual disability ,CODAS syndrome   , 3
627,LRAT  ,AR,Retinal dystrophy ,Leber amaurosis   , 1
628,LRP2  ,AR,Agenesis of the corpus callosum ,Facio-oculo-acoustico-renal syndrome   , 1
629,LRP2  ,AR,Intellectual disability ,Facio-oculo-acoustico-renal syndrome   , 1
630,MAGT1  ,XL,Intellectual disability ,Congenital disorder of glycosylation   , 3
631,MAP2K1  ,AD/de novo,Hydrocephalus ,Cardiofaciocutaneous syndrome   , 1
632,MAP2K1  ,AD/de novo,Intellectual disability ,Cardiofaciocutaneous syndrome   , 1
633,MAP2K1  ,AD/de novo,Intellectual disability ,Noonan syndrome   , 2
634,MAP2K2  ,AD/de novo,Intellectual disability ,Cardiofaciocutaneous syndrome   , 1
635,MAP2K2  ,AD/de novo,Hydrocephalus ,Cardiofaciocutaneous syndrome   , 1
636,MBD5  ,AD/de novo,Epilepsy , , 3
637,MBD5  ,AD/de novo,Intellectual disability , , 3
638,MCPH1  ,AR,Microcephaly , , 1
639,MCPH1  ,AR,Congenital microcephaly , , 1
640,MCPH1  ,AR,Microcephaly with simplified gyral pattern , , 1
641,MECP2  ,XL,Developmental encephalopathy ,Rett syndrome   , 1
642,MECP2  ,XL,Postnatal microcephaly ,Rett syndrome   , 1
643,MECP2  ,XL,Developmental regression ,Rett syndrome   , 1
644,MED12  ,XL,Agenesis of the corpus callosum ,FG syndrome   , 1
645,MED12  ,XL,Intellectual disability ,FG syndrome   , 1
646,MED13L  ,AD/de novo,Intellectual disability , , 3
647,MED17  ,AR,Postnatal microcephaly , , 3
648,MED23  ,AR,Intellectual disability , , 3
649,MED25  ,AR,Intellectual disability , , 3
650,MED25  ,AR,Microcephaly , , 3
651,MEF2C  ,AD/de novo,Developmental encephalopathy , , 1
652,MEF2C  ,AD/de novo,Epilepsy , , 2
653,MEF2C  ,AD/de novo,Infantile spasms , , 2
654,MEF2C  ,AD/de novo,Developmental epilepsy , , 2
655,MEIS2  ,AD/de novo,Intellectual disability , , 3
656,MEIS2  ,AD/de novo,Autism , , 3
657,METTL23  ,AR,Intellectual disability , , 3
658,MID1  ,XL,Agenesis of the corpus callosum ,Opitz G/BBB syndrome   , 2
659,MID1  ,XL,Intellectual disability ,Opitz G/BBB syndrome   , 1
660,MKKS  ,AR,Intellectual disability ,Bardet-Biedl syndrome   , 2
661,MKKS  ,AR,Retinal dystrophy ,Bardet-Biedl syndrome   , 2
662,MKS1  ,AR,Encephalocele ,Meckel-Gruber syndrome   , 1
663,MKS1  ,AR,Molar tooth malformation ,Joubert syndrome related disorders   , 1
664,MKS1  ,AR,Retinal dystrophy ,Bardet-Biedl syndrome   , 3
665,MKS1  ,AR,Intellectual disability ,Bardet-Biedl syndrome   , 3
666,MLC1  ,AR,Megalencephaly ,Megalencephalic Leukoncephalopathy with Subcortical Cysts   , 1
667,MLL2  ,AD,Intellectual disability ,Kabuki syndrome   , 1
668,MLL2  ,AD,Autism ,Kabuki syndrome   , 2
669,MLL2  ,AD,Epilepsy ,Kabuki syndrome   , 2
670,MPDU1  ,AR,Intellectual disability ,Congenital disorder of glycosylation type If   , 3
671,MTOR  ,AD/de novo and Postzygotic/Mosaic,Hemimegalencephaly , , 3
672,MTOR  ,Postzygotic/Mosaic,Focal cortical dysplasia , , 1
673,MTOR  ,Postzygotic/Mosaic,Epilepsy , , 2
674,MYCN  ,AD,Microcephaly ,Feingold syndrome   , 2
675,MYO18B  ,AR,Microcephaly , , 3
676,NAA10  ,XL,Microcephaly , , 3
677,NAA10  ,XL,Intellectual disability , , 3
678,NBN  ,AR,Microcephaly ,Nijmegen breakage syndrome   , 1
679,NDE1  ,AR,Microcephaly , , 2
680,NDE1  ,AR,Agenesis of corpus callosum , , 2
681,NDE1  ,AR,Congenital microcephaly , , 2
682,NDE1  ,AR,Microcephaly with simplified gyral pattern , , 2
683,NDP  ,XL,Retinal dystrophy ,Norrie disease   , 1
684,NECAP1  ,AR,Epilepsy , , 3
685,NECAP1  ,AR,Developmental epilepsy , , 3
686,NF1  ,AD,Megalencephaly ,Neurofibromatosis type 1   , 1
687,NF1  ,AD,Autism ,Neurofibromatosis type 1   , 2
688,NFIA  ,AD/de novo,Hydrocephalus , , 2
689,NFIA  ,AD/de novo,Agenesis of the corpus callosum , , 2
690,NFIA  ,AD/de novo,Megalencephaly , , 2
691,NFIA  ,AD/de novo,Intellectual disability , , 2
692,NFIX  ,AD/de novo,Megalencephaly ,Malan Syndrome   , 2
693,NGLY1  ,AR,Microcephaly , , 3
694,NGLY1  ,AR,Intellectual disability , , 3
695,NHEJ1  ,AD/de novo,Microcephaly , , 3
696,NHS  ,XL,Intellectual disability ,Nance-Horan syndrome   , 3
697,NID1  ,AD,Dandy-Walker malformation , , 3
698,NID1  ,AD,Encephalocele , , 3
699,NIPBL  ,AD/de novo,Microcephaly ,Cornelia de Lange syndrome   , 2
700,NIPBL  ,AD/de novo,Intellectual disability ,Cornelia de Lange syndrome   , 2
701,NKX2-1  ,AD,Chorea ,Benign hereditary chorea   , 1
702,NLGN3  ,XL,Autism , , 3
703,NLGN3  ,XL,Intellectual disability , , 3
704,NLGN4X  ,XL,Autism , , 3
705,NMNAT1  ,AR,Retinal dystrophy ,Leber amaurosis   , 1
706,NPHP1  ,AR,Molar tooth malformation ,Joubert syndrome related disorders   , 1
707,NPRL3  ,AD,Frontal lobe epilepsy ,Autosomal dominant nocturnal frontal lobe epilepsy   , 3
708,NPRL3  ,AD,Focal cortical dysplasia , , 3
709,NRAS  ,AD,Intellectual disability ,Noonan syndrome   , 2
710,NRXN1  ,AD/de novo,Autism , , 2
711,NRXN2  ,AD/de novo,Autism , , 3
712,NSD1  ,AD/de novo,Intellectual disability ,Sotos syndrome   , 1
713,NSD1  ,AD/de novo,Megalencephaly ,Sotos syndrome   , 1
714,NSDHL  ,XL,Intellectual disability , , 3
715,NSDHL  ,XL,Polymicrogyria , , 3
716,NSDHL  ,XL,Microcephaly ,CK syndrome   , 3
717,NSDHL  ,XL,Intellectual disability ,CK syndrome   , 3
718,NSDHL  ,XL,Epilepsy ,CK syndrome   , 3
719,NSUN2  ,AR,ID , , 3
720,OCLN  ,AR,Polymicrogryia ,Pseudo-TORCH syndrome   , 3
721,OCLN  ,AR,Band-like calcification ,Pseudo-TORCH syndrome   , 3
722,OCLN  ,AR,Microcephaly ,Pseudo-TORCH syndrome   , 3
723,OCLN  ,AR,Generalized polymicrogyria ,Pseudo-TORCH syndrome   , 3
724,OCRL  ,XL,Intellectual disability ,Lowe syndrome   , 3
725,OFD1  ,XL,Agenesis of the corpus callosum ,Oro-facial-digital syndrome type 1   , 1
726,OFD1  ,XL,Molar tooth malformation ,Joubert syndrome related disorders   , 3
727,OPHN1  ,XL,Cerebellar vermis hypoplasia , , 1
728,OPHN1  ,XL,Cerebellar hypoplasia , , 1
729,OPHN1  ,XL,Intellectual disability , , 1
730,ORC1  ,AR,Microcephaly ,Seckel syndrome   , 3
731,ORC4  ,AR,Microcephaly ,Meier-Gorlin syndrome   , 3
732,ORC6  ,AR,Microcephaly ,Meier-Gorlin syndrome   , 3
733,OTX2  ,AD/de novo,Microphthalmia , , 3
734,PAFAH1B1  ,AD/de novo,Subcortical band heterotopia , , 1
735,PAFAH1B1  ,AD/de novo,Lissencephaly ,Miller-Dieker syndrome   , 1
736,PAFAH1B1  ,AD/de novo,Microcephaly ,Miller-Dieker syndrome   , 1
737,PAFAH1B1  ,AD/De novo,Pachygyria , , 1
738,PAK3  ,XL,Intellectual disability , , 2
739,PAX2  ,AD/de novo,Intellectual disability ,Renal-Coloboma syndrome   , 3
740,PAX6  ,AD/de novo,Polymicrogyria , , 1
741,PAX6  ,AD/de novo,Agenesis of the corpus callosum , , 3
742,PAX6  ,AD/de novo,Absent anterior commissure , , 3
743,PAX6  ,AD/de novo,Microphthalmia , , 3
744,PAX6  ,AD,Optic nerve hypoplasia , , 3
745,PCDH19  ,XL,Intellectual disability , , 3
746,PCDH19  ,XL,Epilepsy , , 3
747,PCLO  ,AR,Pontocerebellar hypoplasia ,Pontocerebellar hypoplasia type 3   , 3
748,PCNT  ,AR,Microcephaly ,Microcephalic osteodysplastic primordial dwarfism type II   , 1
749,PCNT  ,AR,Congenital microcephaly ,Microcephalic osteodysplastic primordial dwarfism type II   , 1
750,PCNT  ,AR,Microcephaly with simplified gyral pattern ,Microcephalic osteodysplastic primordial dwarfism type II   , 1
751,PDCD10  ,AD/De novo,Cerebral cavernous malformations , , 3
752,PDE4D  ,AD,Intellectual disability ,Acrodysostosis   , 3
753,PDE6D  ,AR,Molar tooth malformation ,Joubert syndrome   , 3
754,PDHB  ,AR,Agenesis of the corpus callosum ,Pyruvate dehydrogenase deficiency   , 2
755,PDHB  ,AR,Ataxia ,Pyruvate dehydrogenase deficiency   , 2
756,PEX1  ,AR,Epilepsy ,Zellweger syndrome   , 1
757,PEX1  ,AR,Retinal dystrophy ,Zellweger syndrome   , 2
758,PEX1  ,AR,Sensorineural deafness ,Zellweger syndrome   , 3
759,PEX1  ,AR,Polymicrogyria ,Zellweger syndrome   , 3
760,PEX10  ,AR,Epilepsy ,Zellweger syndrome   , 2
761,PEX10  ,AR,Retinal dystrophy ,Zellweger syndrome   , 2
762,PEX12  ,AR,Epilepsy ,Zellweger syndrome   , 2
763,PEX12  ,AR,Retinal dystrophy ,Zellweger syndrome   , 2
764,PEX13  ,AR,Epilepsy ,Zellweger syndrome   , 2
765,PEX13  ,AR,Retinal dystrophy ,Zellweger syndrome   , 2
766,PEX14  ,AR,Epilepsy ,Zellweger syndrome   , 2
767,PEX14  ,AR,Retinal dystrophy ,Zellweger syndrome   , 2
768,PEX16  ,AR,Epilepsy ,Zellweger syndrome   , 2
769,PEX16  ,AR,Retinal dystrophy ,Zellweger syndrome   , 2
770,PEX19  ,AR,Epilepsy ,Zellweger syndrome   , 2
771,PEX19  ,AR,Retinal dystrophy ,Zellweger syndrome   , 2
772,PEX2  ,AR,Epilepsy ,Zellweger syndrome   , 2
773,PEX2  ,AR,Retinal dystrophy ,Zellweger syndrome   , 2
774,PEX26  ,AR,Epilepsy ,Zellweger syndrome   , 2
775,PEX26  ,AR,Retinal dystrophy ,Zellweger syndrome   , 2
776,PEX3  ,AR,Epilepsy ,Zellweger syndrome   , 2
777,PEX3  ,AR,Retinal dystrophy ,Zellweger syndrome   , 2
778,PEX5  ,AR,Epilepsy ,Zellweger syndrome   , 2
779,PEX5  ,AR,Retinal dystrophy ,Zellweger syndrome   , 2
780,PEX6  ,AR,Epilepsy ,Zellweger syndrome   , 2
781,PEX6  ,AR,Retinal dystrophy ,Zellweger syndrome   , 2
782,PEX7  ,AR,Autism , , 3
783,PGAP2  ,AR,Intellectual disability ,Mabry syndrome   , 3
784,PGAP3  ,AR,Intellectual disability , , 3
785,PGAP3  ,AR,Postnatal microcephaly , , 3
786,PGAP3  ,AR,Microcephaly , , 3
787,PHF6  ,XL,Intellectual disability ,BÃ¶rjeson-Forssman-Lehman syndrome   , 2
788,PHF8  ,XL,Intellectual disability , , 2
789,PHOX2B  ,AD/de novo,Central hypoventilation ,Congenital central hypoventilation syndrome   , 1
790,PI4KA  ,AR,Polymicrogyria , , 3
791,PI4KA  ,AR,Cerebellar hypoplasia , , 3
792,PIGA  ,XL,Microcephaly ,Ferro-Cerebro-Cutaneous syndrome   , 3
793,PIGA  ,XL,Epilepsy ,Ferro-Cerebro-Cutaneous syndrome   , 3
794,PIGA  ,XL,Cerebellar atropy ,Ferro-Cerebro-Cutaneous syndrome   , 3
795,PIGC  ,AR,Intellectual disability , , 3
796,PIGC  ,AR,Epilepsy , , 3
797,PIGM  ,AR,Intellectual disability ,Mabry syndrome   , 3
798,PIGN  ,AR,Intellectual disability , , 3
799,PIGN  ,AR,Epilepsy , , 3
800,PIGN  ,AR,Cerebellary atrophy , , 3
801,PIGO  ,AR,Intellectual disability ,Mabry syndrome   , 3
802,PIGT  ,AR,Intellectual disability , , 3
803,PIGT  ,AR,Epilepsy , , 3
804,PIGV  ,AR,Intellectual disability ,Mabry syndrome   , 3
805,PIK3CA  ,"Postzygotic/Mosaic (most), AD/de novo (rare)",Megalencephaly ,Megalencephaly capillary malformation syndrome   , 2
806,PIK3CA  ,"Postzygotic/Mosaic (most), AD/de novo (rare)",Cerebellar tonsillar ectopia ,Megalencephaly capillary malformation syndrome   , 2
807,PIK3CA  ,Postzygotic/Mosaic,Hemimegalencephaly , , 3
808,PIK3CA  ,"Postzygotic/Mosaic (most), AD/de novo (rare)",Bilateral perisylvian polymicrogyria ,Megalencephaly capillary malformation syndrome   , 2
809,PIK3CA  ,Postzygotic/Mosaic,Focal cortical dysplasia , , 2
810,PIK3R2  ,AD/de novo,Megalencephaly ,Megalencephaly polymicrogyria polydactyly hydrocephalus syndrome   , 2
811,PIK3R2  ,AD/de novo,Polymicrogyria ,Megalencephaly polymicrogyria polydactyly hydrocephalus syndrome   , 2
812,PIK3R2  ,AD/de novo,Hydrocephalus ,Megalencephaly polymicrogyria polydactyly hydrocephalus syndrome   , 2
813,PIK3R2  ,AD/de novo,Bilateral perisylvian polymicrogyria ,Megalencephaly polymicrogyria polydactyly hydrocephalus syndrome   , 2
814,PITX2  ,AD/de novo,Pituitary malformation ,Axenfeld-Rieger syndrome   , 3
815,PITX2  ,AD/de novo,Cerebellar hypoplasia ,Axenfeld-Rieger syndrome   , 3
816,PLA2G6  ,AR,Cerebellar atrophy ,Infantile neuroaxonal dystrophy   , 2
817,PLA2G6  ,AR,Dystonia , , 3
818,PLA2G6  ,AR,Parkinsonism , , 3
819,PLA2G6  ,AR,Developmental regression ,Infantile neuroaxonal dystrophy   , 2
820,PLCB1  ,AR,Epilepsy , , 2
821,PLCB1  ,AR,Malignant migrating partial seizures of infancy , , 2
822,PLK4  ,AR,Microcephaly ,Microcephaly with lymphedema and chorioretinopathy   , 2
823,PMM2  ,AR,Intellectual disability ,Congenital disorder of glycosylation type Ia   , 1
824,PMM2  ,AR,Cerebellar hypoplasia ,Congenital disorder of glycosylation type Ia   , 1
825,PMM2  ,AR,Ataxia ,Congenital disorder of glycosylation type Ia   , 2
826,PNKP  ,AR,Microcephaly , , 2
827,PNKP  ,AR,Congenital microcephaly , , 2
828,PNKP  ,AR,Microcephaly with simplified gyral pattern , , 2
829,PNKP  ,AR,Ataxia , , 3
830,PNPO  ,AR,Epilepsy ,Pyridoxine 5-phosphate oxidase deficiency   , 2
831,PNPO  ,AR,Infantile spasms ,Pyridoxine 5-phosphate oxidase deficiency   , 3
832,POGZ  ,AD/de novo,Autism , , 3
833,POGZ  ,AD/de novo,Intellectual disability , , 3
834,POLH  ,AR,Microcephaly ,Xeroderma Pigmentosum   , 1
835,POLR3B  ,AR,Polymicrogyria , , 3
836,POMGNT1  ,AR,Cobblestone malformation ,Muscle-eye-brain syndrome   , 1
837,POMGNT1  ,AR,Autism , , 3
838,POMT1  ,AR,Cobblestone malformation ,Walker-Warburg syndrome   , 1
839,POMT1  ,AR,Cobblestone malformation ,Muscle-eye-brain syndrome   , 1
840,POMT2  ,AR,Cobblestone malformation ,Walker-Warburg syndrome   , 1
841,POMT2  ,AR,Cobblestone malformation ,Muscle-eye-brain syndrome   , 1
842,PORCN  ,XL,Microphthalmia ,Goltz syndrome   , 2
843,PPP2R5D  ,AD/de novo,Autism , , 3
844,PPP2R5D  ,AD/de novo,Intellectual disability , , 3
845,PPP2R5D  ,AD/de novo,Macrocephaly , , 3
846,PPP2R5D  ,AD/de novo,Hydrocephalus , , 3
847,PPP2R5D  ,AD/de novo,Agenesis of the corpus callosum , , 3
848,PQBP1  ,XL,Intellectual disability ,Renpenning syndrome   , 1
849,PQBP1  ,XL,Microcephaly ,Renpenning syndrome   , 2
850,PRICKLE1  ,AD/de novo,Epilepsy , , 2
851,PRICKLE2  ,AD/de novo,Epilepsy , , 2
852,PRKAR1A  ,AD,Intellectual disability ,Acrodysostosis   , 3
853,PRPS1  ,XL,Intellectual disability , , 3
854,PRRT2  ,AD,Chorea ,Familial paroxysmal kinesigenic dyskinesia   , 2
855,PRRT2  ,AD,Dystonia ,Familial paroxysmal kinesigenic dyskinesia   , 2
856,PRRT2  ,AD,Epilepsy ,Familial paroxysmal kinesigenic dyskinesia   , 3
857,PTCH1  ,AD/de novo,Agenesis of the corpus callosum , , 2
858,PTCH1  ,AD/de novo,Holoprosencephaly , , 2
859,PTDSS1  ,AD/de novo,Intellectual disability ,Lenz-Majewski syndrome   , 3
860,PTEN  ,AD/de novo,Megalencephaly ,PTEN-hamartoma tumor syndrome   , 1
861,PTEN  ,AD/de novo,Autism ,Macrocephaly-autism syndrome   , 1
862,PTEN  ,AD/de novo,Megalencephaly ,Macrocephaly-autism syndrome   , 1
863,PTEN  ,AD/de novo,Focal cortical dysplasia ,PTEN-hamartoma tumor syndrome   , 3
864,PTEN  ,AD/de novo,Hemimegalencephaly , , 3
865,PTF1A  ,AR,Cerebellar hypoplasia , , 3
866,PTPN11  ,AD/de novo,Cerebellar tonsillar ectopia ,Noonan syndrome   , 1
867,PTPN11  ,AD/de novo,Intellectual disability ,Noonan syndrome   , 1
868,PURA  ,AD/De novo,Intellectual disability , , 3
869,PURA  ,AD/De novo,Developmental encephalopathy , , 3
870,PURA  ,AD/De novo,Epilepsy , , 3
871,PYCR2  ,AR,Microcephaly , , 3
872,PYCR2  ,AR,Postnatal microcephaly , , 3
873,QARS  ,AR,Microcephaly , , 3
874,QARS  ,AR,Epilepsy , , 3
875,QARS  ,AR,Cerebellar atrophy , , 3
876,QDPR  ,AR,Intellectual disability ,Quinoid dihydropteridine reductase deficiency   , 2
877,QDPR  ,AR,Lennox-Gastaut syndrome ,Quinoid dihydropteridine reductase deficiency   , 3
878,QDPR  ,AR,Epilepsy ,Quinoid dihydropteridine reductase deficiency   , 3
879,QDPR  ,AR,Cerebral calcifications ,Quinoid dihydropteridine reductase deficiency   , 3
880,QDPR  ,AR,Developmental epilepsy ,Quinoid dihydropteridine reductase deficiency   , 3
881,RAB18  ,AR,Postnatal microcephaly ,Warburg Micro syndrome   , 3
882,RAB18  ,AR,Microphthalmia ,Warburg Micro syndrome   , 3
883,RAB39B  ,XL,Intellectual disability , , 2
884,RAB39B  ,XL,Macrocephaly , , 2
885,RAB39B  ,XL,Autism , , 2
886,RAB39B  ,XL,Epilepsy , , 2
887,RAB3GAP1  ,AR,Microphthalmia ,Warburg Micro syndrome   , 3
888,RAB3GAP1  ,AR,Postnatal microcephaly ,Warburg Micro syndrome   , 3
889,RAB3GAP1  ,AR,Polymicrogyria ,Warburg Micro syndrome   , 3
890,RAB3GAP1  ,AR,Agenesis of the corpus callosum ,Warburg Micro syndrome   , 3
891,RAB3GAP1  ,AR,Generalized polymicrogyria ,Warburg Micro syndrome   , 3
892,RAB3GAP1  ,AR,Frontal-predominant polymicrogyria ,Warburg Micro syndrome   , 3
893,RAB3GAP2  ,AR,Postnatal microcephaly ,Warburg Micro syndrome   , 3
894,RAB3GAP2  ,AR,Polymicrogyria ,Warburg Micro syndrome   , 3
895,RAB3GAP2  ,AR,Microphthalmia ,Warburg Micro syndrome   , 3
896,RAB3GAP2  ,AR,Agenesis of the corpus callosum ,Warburg Micro syndrome   , 3
897,RAD50  ,AR,Microcephaly ,Nijmegen breakage syndrome-like   , 3
898,RAF1  ,AD/de novo,Intellectual disability ,Noonan syndrome   , 1
899,RAI1  ,AD/de novo,Intellectual disability ,Smith-Magenis syndrome   , 1
900,RAI1  ,AD/de novo,Autism ,Smith-Magenis syndrome   , 2
901,RARS2  ,AR,Pontocerebellar hypoplasia ,Pontocerebellar hypoplaia type 6   , 2
902,RARS2  ,AR,Postnatal microcephaly , , 3
903,RARS2  ,AR,Microcephaly , , 3
904,RARS2  ,AR,Epilepsy , , 3
905,RARS2  ,AR,Developmental epilepsy , , 3
906,RBBP8  ,AR,Microcephaly ,Seckel syndrome   , 3
907,RBM10  ,XL,Agenesis of corpus callosum ,TARP syndrome   , 3
908,RBM10  ,XL,Cerebellar hypoplasia ,TARP syndrome   , 3
909,RBM10  ,XL,Intellectual disability ,TARP syndrome   , 3
910,RBM10  ,XL,Sensorineural deafness ,TARP syndrome   , 3
911,RD3  ,AR,Retinal dystrophy ,Leber amaurosis   , 1
912,RDH12  ,AR,Retinal dystrophy ,Leber amaurosis   , 1
913,RELN  ,AR,Cerebellar hypoplasia , , 1
914,RELN  ,AR,Lissencephaly , , 1
915,RELN  ,AR,Pachygyria , , 1
916,RERE  ,AD/de novo,Intellectual disability , , 2
917,RERE  ,AD/de novo,Epilepsy , , 2
918,RERE  ,AD/de novo,Autism , , 2
919,RERE  ,AD/de novo,Cerebellar vermis hypoplasia , , 3
920,RGS6  ,AR,Congenital microcephaly , , 3
921,RGS6  ,AR,Intellectual disability , , 3
922,RGS6  ,AR,Microcephaly , , 3
923,RGS6  ,AR,Intellectual disability , , 3
924,RIMS3  ,AD/de novo,Autism , , 3
925,RIMS3  ,AD/de novo,Microcephaly , , 3
926,RIN2  ,AR,Megalencephaly ,"Macrocephaly, alopecia, cutis laxa, and scoliosis syndrome   ", 2
927,RMND1  ,AR,Epilepsy , , 3
928,RNASEH2A  ,AR,Cerebral calcifications ,Aicardi-GoutiÃ¨res syndrome   , 2
929,RNASEH2B  ,AR,Cerebral calcifications ,Aicardi-GoutiÃ¨res syndrome   , 2
930,RNASEH2C  ,AR,Cerebral calcifications ,Aicardi-GoutiÃ¨res syndrome   , 2
931,RNF135  ,AD/de novo,Overgrowth , , 3
932,RNF216  ,AR,Ataxia , , 3
933,RNU4ATAC  ,AR,Microcephaly ,Microcephalic osteodysplastic primordial dwarfism type I   , 3
934,RPE65  ,AR,Retinal dystrophy ,Leber amaurosis   , 1
935,RPGRIP1  ,AR,Retinal dystrophy ,Leber amaurosis   , 1
936,RPGRIP1L  ,AR,Molar tooth malformation ,Joubert syndrome related disorders   , 1
937,RPGRIP1L  ,AR,Cerebellar vermis hypoplasia ,COACH syndrome   , 2
938,RPL10  ,XL,Intellectual disability , , 3
939,RPL10  ,XL,Cerebellar hypoplasia , , 3
940,RPS6KA3  ,XL,Intellectual disability ,Coffin-Lowry syndrome   , 1
941,RPS6KA3  ,XL,Microcephaly ,Coffin-Lowry syndrome   , 2
942,RTTN  ,AR,Polymicrogyria , , 2
943,RTTN  ,AR,Microcephaly , , 3
944,RTTN  ,AR,Congenital microcephaly , , 3
945,RTTN  ,AR,Periventricular nodular heterotopia , , 3
946,SACS  ,AR,Ataxia , , 3
947,SACS  ,AR,Epilepsy , , 3
948,SAMHD1  ,AR,Cerebral calcifications ,Aicardi-GoutiÃ¨res syndrome   , 2
949,SATB2  ,AD/de novo,Intellectual disability , , 3
950,SCN1A  ,AD/de novo,Epilepsy ,Dravet syndrome   , 1
951,SCN1A  ,AD/de novo,Malignant migrating partial seizures of infancy , , 2
952,SCN1A  ,AD/de novo,Epilepsy ,Generalized epilepsy with febrile seizures plus   , 1
953,SCN1A  ,AD/de novo,Lennox-Gastaut syndrome ,Dravet syndrome   , 2
954,SCN1A  ,AD/de novo,Developmental epilepsy ,Dravet syndrome   , 2
955,SCN1A  ,AD/de novo,Doose syndrome , , 3
956,SCN1B  ,AD/de novo,Epilepsy ,Generalized epilepsy with febrile seizures plus   , 2
957,SCN2A  ,AD/de novo,Epilepsy ,Dravet syndrome   , 2
958,SCN2A  ,AD/de novo,Autism , , 3
959,SCN2A  ,AD/de novo,Epilepsy ,Generalized epilepsy with febrile seizures plus   , 2
960,SCN2A  ,AD/de novo,Early infantile epileptic encephalopathy , , 3
961,SCN2A  ,AD/de novo,Developmental epilepsy , , 3
962,SCN2A  ,AD/de novo,Ataxia , , 3
963,SCN8A  ,AD/de novo,Epilepsy , , 3
964,SCN8A  ,AD/de novo,Intellectual disability , , 3
965,SCN9A  ,AD/de novo,Epilepsy ,Generalized epilepsy with febrile seizures plus   , 2
966,SDCCAG8  ,AR,Intellectual disability ,Bardet-Biedl syndrome   , 3
967,SDCCAG8  ,AR,Retinal dystrophy ,Bardet-Biedl syndrome   , 3
968,SETD2  ,AD/de novo,Overgrowth , , 3
969,SETD5  ,AD/de novo,Intellectual disability , , 3
970,SETD5  ,AD/de novo,Autism , , 3
971,SETD5  ,AD/de novo,Autism , , 3
972,SHANK2  ,AD/de novo,Autism , , 3
973,SHANK3  ,AD/de novo,Autism ,Phelan-McDermid syndrome   , 1
974,SHANK3  ,AD/de novo,Intellectual disability ,Phelan-McDermid syndrome   , 1
975,SHH  ,AD/de novo,Microcephaly , , 1
976,SHH  ,AD/de novo,Holoprosencephaly , , 1
977,SHOC2  ,AD,Cerebellar tonsillar ectopia ,Noonan syndrome   , 3
978,SHOC2  ,AD,Periventricular nodular heterotopia ,Noonan syndrome   , 3
979,SHOC2  ,AD,Megalencephaly ,Noonan syndrome   , 3
980,SHOC2  ,AD,Heterotopia , , 3
981,SIK1  ,AD/de novo,Epilepsy , , 3
982,SIK1  ,AD/de novo,Developmental epilepsy , , 3
983,SIK1  ,AD/de novo,Infantile spasms , , 3
984,SIK1  ,AD/de novo,Early myoclonic encephalopathy , , 3
985,SIL1  ,AR,Ataxia ,Marinesco-SjÃ¶gren syndrome   , 3
986,SIL1  ,AR,Intellectual disability ,Marinesco-SjÃ¶gren syndrome   , 3
987,SIN3A  ,AD/de novo,Intellectual disability , , 3
988,SIN3A  ,AD/de novo,Autism , , 3
989,SIN3A  ,AD/de novo,Microcephaly , , 3
990,SIX3  ,AD/de novo,Microphthalmia , , 1
991,SIX3  ,AD/de novo,Holoprosencephaly , , 1
992,SLC12A6  ,AR,Agenesis of the corpus callosum ,Andermann syndrome   , 1
993,SLC16A2  ,XL,Intellectual disability ,Allen-Herndon-Dudley syndrome   , 1
994,SLC16A2  ,XL,Dystonia , , 1
995,SLC1A4  ,AR,Intellectual disability , , 3
996,SLC1A4  ,AR,Microcephaly , , 3
997,SLC25A12  ,AR,Cerebral hypomyelination ,AGC1 deficiency syndrome   , 3
998,SLC25A12  ,AR,Developmental epilepsy ,AGC1 deficiency syndrome   , 3
999,SLC25A12  ,AR,Epilepsy ,AGC1 deficiency syndrome   , 3
1000,SLC25A19  ,AR,Microcephaly ,Amish microcephaly   , 2
1001,SLC25A19  ,AR,Congenital microcephaly ,Amish microcephaly   , 2
1002,SLC25A19  ,AR,Microcephaly with simplified gyral pattern ,Amish microcephaly   , 2
1003,SLC25A22  ,AR,Early infantile epileptic encephalopathy , , 3
1004,SLC25A22  ,AR,Microcephaly , , 3
1005,SLC25A22  ,AR,Developmental epilepsy , , 3
1006,SLC25A22  ,AR,Malignant migrating partial seizures of infancy , , 3
1007,SLC2A1  ,AD/de novo,Epilepsy ,Glucose transporter type 1 deficiency syndrome   , 1
1008,SLC2A1  ,AD/de novo,Dystonia ,Glucose transporter type 1 deficiency syndrome   , 1
1009,SLC2A1  ,AD/de novo,Ataxia ,Glucose transporter type 1 deficiency syndrome   , 1
1010,SLC2A1  ,AD/de novo,Chorea ,Glucose transporter type 1 deficiency syndrome   , 1
1011,SLC35A2  ,XL/Postzygotic/Mosaic,Epilepsy , , 3
1012,SLC6A1  ,AD/de novo,Epilepsy ,Myoclonic atonic epilepsy   , 2
1013,SLC6A5  ,AR,Hyperekplexia , , 2
1014,SLC6A8  ,XL,Intellectual disability , , 3
1015,SLC9A6  ,XL,Developmental encephalopathy , , 1
1016,SLC9A6  ,XL,Intellectual disability , , 2
1017,SLC9A6  ,XL,Autism , , 1
1018,SMAD2  ,AD/de novo,Holoprosencephaly , , 2
1019,SMARCA2  ,AD/de novo,Intellectual disability ,Coffin-Siris syndrome   , 3
1020,SMARCA4  ,AD/de novo,Intellectual disability ,Coffin-Siris syndrome   , 3
1021,SMARCB1  ,AD/de novo,Intellectual disability ,Coffin-Siris syndrome   , 3
1022,SMARCE1  ,AD/de novo,Intellectual disability ,Coffin-Siris syndrome   , 3
1023,SMC1A  ,XL,Microcephaly ,Cornelia de Lange syndrome   , 2
1024,SMC1A  ,XL,Epilepsy , , 3
1025,SMC1A  ,XL,Intellectual disability , , 3
1026,SMC3  ,AD/de novo,Microcephaly ,Cornelia de Lange syndrome   , 2
1027,SMS  ,XL,Intellectual disability ,Snyder-Robinson syndrome   , 3
1028,SMS  ,XL,Epilepsy ,Snyder-Robinson syndrome   , 3
1029,SNAP29  ,AR,Cobblestone malformation ,"Cerebral dysgenesis, neuropathy, ichthyosis and keratoderma syndrome   ", 2
1030,SNAP29  ,AR,Microcephaly ,"Cerebral dysgenesis, neuropathy, ichthyosis and keratoderma syndrome   ", 2
1031,SNRPB  ,AD/De novo,Intellectual disability ,Cerebrocostomandibular syndrome   , 3
1032,SNX14  ,AR,Ataxia , , 3
1033,SNX14  ,AR,Intellectual disability , , 3
1034,SOBP  ,AR,Intellectual disability , , 2
1035,SON  ,AD/de novo,Intellectual disability , , 3
1036,SON  ,AD/de novo,Epilepsy , , 3
1037,SOS1  ,AD,Intellectual disability ,Noonan syndrome   , 1
1038,SOX2  ,AD/de novo,Microphthalmia , , 1
1039,SPATA7  ,AR,Retinal dystrophy ,Leber amaurosis   , 1
1040,SPG11  ,AR,Intellectual disability ,Spastic paraplegia type 11   , 2
1041,SPG11  ,AR,Agenesis of the corpus callosum ,Spastic paraplegia type 11   , 2
1042,SPOCK1  ,AD/de novo,Microcephaly , , 3
1043,SPOCK1  ,AD/de novo,Congenital microcephaly , , 3
1044,SPOCK1  ,AD/de novo,Intellectual disability , , 3
1045,SPOCK1  ,AD/de novo,Agenesis of the corpus callosum , , 3
1046,SPTAN1  ,AD/de novo,Epilepsy , , 3
1047,SPTAN1  ,AD/de novo,Infantile spasms , , 3
1048,SPTAN1  ,AD/de novo,Developmental epilepsy , , 3
1049,SRCAP  ,AD/de novo,Intellectual disability ,Floating-Harbor syndrome   , 2
1050,SRPX2  ,XL,Polymicrogyria , , 3
1051,SRPX2  ,XL,Epilepsy ,Rolandic epilepsy with speech impairment   , 3
1052,SSR4  ,XL,Microcephaly , , 3
1053,SSR4  ,XL,Congenital microcephaly , , 3
1054,SSR4  ,XL,Intellectual disability , , 3
1055,ST3GAL3  ,AR,Intellectual disability , , 3
1056,ST3GAL3  ,AR,Epilepsy , , 3
1057,ST3GAL3  ,AR,Infantile spasms , , 3
1058,ST3GAL3  ,AR,Lennox-Gastaut syndrome , , 3
1059,ST3GAL3  ,AR,Developmental epilepsy , , 3
1060,STAMBP  ,AR,Microcephaly with simplified gyral pattern ,Microcephaly-capillary malformation syndrome   , 2
1061,STAMBP  ,AR,Congenital microcephaly ,Microcephaly-capillary malformation syndrome   , 2
1062,STAMBP  ,AR,Epilepsy ,Microcephaly capillary malformation syndrome   , 2
1063,STAMBP  ,AR,Developmental epilepsy ,Microcephaly-capillary malformation syndrome   , 2
1064,STIL  ,AR,Microcephaly , , 1
1065,STIL  ,AR,Congenital microcephaly , , 1
1066,STIL  ,AR,Microcephaly with simplified gyral pattern , , 1
1067,STRA6  ,AR,Microphthalmia ,Matthew-Wood syndrome   , 2
1068,STRADA  ,AR,Epilepsy ,"Polyhydramnios, megalencephaly and symptomatic epilepsy syndrome   ", 2
1069,STRADA  ,AR,Megalencephaly ,"Polyhydramnios, megalencephaly and symptomatic epilepsy syndrome   ", 2
1070,STT3A  ,AR,Intellectual disability , , 3
1071,STT3B  ,AR,Intellectual disability , , 3
1072,STX1B  ,AD/De novo,Epilepsy , , 2
1073,STXBP1  ,AD/de novo,Early infantile epileptic encephalopathy , , 1
1074,STXBP1  ,AD/de novo,Epilepsy , , 1
1075,STXBP1  ,AD/de novo,Infantile spasms , , 1
1076,STXBP1  ,AD/de novo,Focal cortical dysplasia , , 3
1077,STXBP1  ,AD/de novo,Lennox-Gastaut syndrome , , 2
1078,STXBP1  ,AD/de novo,Developmental epilepsy , , 1
1079,STXBP1  ,AD/de novo,Dystonia , , 2
1080,STXBP1  ,AD/de novo,Epilepsy ,Dravet syndrome   , 3
1081,SYN1  ,XL,Intellectual disability , , 2
1082,SYN1  ,XL,Autism , , 2
1083,SYN1  ,XL,Epilepsy , , 2
1084,SYNE1  ,AR,Autism , , 3
1085,SYNE1  ,AR,Cerebellar atrophy ,Autosomal recessive cerebellar ataxia type 1   , 2
1086,SYNE1  ,AR,Ataxia ,Autosomal recessive cerebellar ataxia type 1   , 2
1087,SYNGAP1  ,AD/de novo,Intellectual disability , , 3
1088,SYNGAP1  ,AD/de novo,Autism , , 3
1089,SYNGAP1  ,AD/de novo,Epilepsy , , 3
1090,SYP  ,XL,Intellectual disability , , 3
1091,SZT2  ,AR,Epilepsy , , 3
1092,SZT2  ,AR,Intellectual disability , , 3
1093,TAF2  ,AD/de novo or AR,Microcephaly , , 3
1094,TAF2  ,AD/de novo or AR,Intellectual disability , , 3
1095,TBC1D24  ,AR,Partial epilepsy , , 3
1096,TBC1D24  ,AR,Malignant partial seizures of infancy , , 3
1097,TBC1D24  ,AR,Intellectual disability , , 2
1098,TBC1D24  ,AR,Epilepsy , , 3
1099,TBC1D24  ,AR,Cerebellar atrophy , , 3
1100,TBC1D24  ,AR,Infantile spasms , , 3
1101,TBC1D24  ,AR,Sensorineural deafness , , 3
1102,TBC1D7  ,AR,Intellectual disability , , 3
1103,TBC1D7  ,AR,Megalencephaly , , 3
1104,TBCD  ,AR,Intellectual disability , , 3
1105,TBCD  ,AR,Epilepsy , , 3
1106,TBCD  ,AR,Microcephaly , , 3
1107,TBCD  ,AR,Optic atrophy , , 3
1108,TBCK  ,AR,Central hypoventilation , , 3
1109,TBCK  ,AR,Intellectual disability , , 3
1110,TBCK  ,AR,Epilepsy , , 3
1111,TBR2  ,AR,Microcephaly , , 3
1112,TBR2  ,AR,Agenesis of the corpus callosum , , 3
1113,TBR2  ,AR,Polymicrogyria , , 3
1114,TCF4  ,AD/de novo,Developmental encephalopathy ,Pitt-Hopkins syndrome   , 1
1115,TCF4  ,AD/de novo,Intellectual disability ,Pitt-Hopkins syndrome   , 1
1116,TCTN1  ,AR,Molar tooth malformation ,Joubert syndrome related disorders   , 3
1117,TCTN2  ,AR,Molar tooth malformation ,Joubert syndrome related disorders   , 3
1118,TCTN3  ,AR,Molar tooth malformation ,Joubert syndrome related disorders   , 3
1119,TDGF1  ,AD/de novo,Holoprosencephaly , , 1
1120,TECR  ,AR,Intellectual disability , , 3
1121,TGIF1  ,AD/de novo,Holoprosencephaly , , 1
1122,THOC6  ,AR,Intellectual disability , , 3
1123,TIMM8A  ,XL,Dystonia ,Mohr-Tranebjaerg syndrome   , 3
1124,TIMM8A  ,XL,Sensorineural deafness ,Mohr-Tranebjaerg syndrome   , 3
1125,TMEM138  ,AR,Molar tooth malformation ,Joubert syndrome related disorders   , 2
1126,TMEM216  ,AR,Molar tooth malformation ,Joubert syndrome related disorders   , 1
1127,TMEM231  ,AR,Molar tooth malformation ,Joubert syndrome related disorders   , 3
1128,TMEM231  ,AR,Encephalocele ,Meckel-Gruber syndrome   , 3
1129,TMEM237  ,AR,Molar tooth malformation ,Joubert syndrome related disorders   , 2
1130,TMEM5  ,AR,Cobblestone malformation ,Walker-Warburg syndrome   , 2
1131,TMEM67  ,AR,Encephalocele ,Meckel-Gruber syndrome   , 1
1132,TMEM67  ,AR,Molar tooth malformation ,Joubert syndrome related disorders   , 1
1133,TMEM67  ,AR,Cerebellar vermis hypoplasia ,COACH syndrome   , 1
1134,TMTC3  ,AR,Cobblestone malformation , , 3
1135,TMTC3  ,AR,Cerebellar hypoplasia , , 3
1136,TNIK  ,AR,Intellectual disability , , 3
1137,TNSALP  ,AR,Epilepsy ,Pyridoxine-dependent epilepsy   , 3
1138,TPO  ,AR,Intellectual disability , , 3
1139,TRAPPC9  ,AR,Intellectual disability , , 2
1140,TRAPPC9  ,AR,Postnatal microcephaly , , 2
1141,TREX1  ,AD/de novo,Cerebral calcifications ,Aicardi-GoutiÃ¨res syndrome   , 2
1142,TRIM32  ,AR,Intellectual disability ,Bardet-Biedl syndrome   , 2
1143,TRIM32  ,AR,Retinal dystrophy ,Bardet-Biedl syndrome   , 2
1144,TRIO  ,AD/de novo,Intellectual disability , , 3
1145,TRIO  ,AD/de novo,Autism , , 3
1146,TRIO  ,AD/de novo,Microcephaly , , 3
1147,TRMT10A  ,AR,Congenital microcephaly , , 3
1148,TRMT10A  ,AR,Microcephaly , , 3
1149,TRMT10A  ,AR,Intellectual disability , , 3
1150,TSC1  ,AD,Infantile spasms ,Tuberous sclerosis complex   , 1
1151,TSC1  ,AD,Autism ,Tuberous sclerosis complex   , 2
1152,TSC1  ,AD,Cortical tubers ,Tuberous sclerosis complex   , 1
1153,TSC1  ,AD,Subependymal nodules ,Tuberous sclerosis complex   , 1
1154,TSC1  ,AD,Focal cortical dysplasia ,Tuberous sclerosis complex   , 1
1155,TSC1  ,AD,Developmental epilepsy ,Tuberous sclerosis complex   , 1
1156,TSC2  ,AD,Infantile spasms ,Tuberous sclerosis complex   , 1
1157,TSC2  ,AD,Autism ,Tuberous sclerosis complex   , 2
1158,TSC2  ,AD,Cortical tubers ,Tuberous sclerosis complex   , 1
1159,TSC2  ,AD,Subependymal nodules ,Tuberous sclerosis complex   , 1
1160,TSC2  ,AD,Focal cortical dysplasia ,Tuberous sclerosis complex   , 1
1161,TSC2  ,AD,Developmental epilepsy ,Tuberous sclerosis complex   , 1
1162,TSEN15  ,AR,Pontocerebellar hypoplasia ,Pontocerebellar hypoplasia type 2   , 3
1163,TSEN2  ,AR,Pontocerebellar hypoplasia ,Pontocerebellar hypoplasia type 2   , 2
1164,TSEN34  ,AR,Pontocerebellar hypoplasia ,Pontocerebellar hypoplasia type 2   , 2
1165,TSEN54  ,AR,Pontocerebellar hypoplasia ,Pontocerebellar hypoplasia type 2   , 2
1166,TSEN54  ,AR,Pontocerebellar hypoplasia ,Pontocerebellar hypoplasia type 1   , 3
1167,TSEN54  ,AR,Pontocerebellar hypoplasia ,Pontocerebellar hypoplasia type 4   , 2
1168,TTC21B  ,AR,Molar tooth malformation ,Joubert syndrome related disorders   , 2
1169,TTC8  ,AR,Intellectual disability ,Bardet-Biedl syndrome   , 2
1170,TTC8  ,AR,Retinal dystrophy ,Bardet-Biedl syndrome   , 2
1171,TUBA1A  ,AD/de novo,Agenesis of corpus callosum , , 2
1172,TUBA1A  ,AD/de novo,Cerebellar hypoplasia , , 1
1173,TUBA1A  ,AD/de novo,Lissencephaly , , 1
1174,TUBA1A  ,AD/de novo,Pachygyria , , 1
1175,TUBA1A  ,AD/de novo,Microphthalmia , , 3
1176,TUBA8  ,AR,Optic nerve hypoplasia , , 3
1177,TUBA8  ,AR,Polymicrogyria , , 3
1178,TUBB2A  ,AD/de novo,Epilepsy , , 3
1179,TUBB2B  ,AD/de novo,Microcephaly , , 3
1180,TUBB2B  ,AD/de novo,Polymicrogyria , , 3
1181,TUBB2B  ,AD/de novo,Lissencephaly , , 3
1182,TUBB2B  ,AD/de novo,Agenesis of the corpus callosum , , 3
1183,TUBB2B  ,AD/de novo,Pachygyria , , 3
1184,TUBB2B  ,AD/de novo,Schizcencephaly , , 3
1185,TUBB3  ,AR,Pontocerebellar hypoplasia , , 3
1186,TUBB3  ,AR,Polymicrogyria , , 2
1187,TUBB3  ,AR,Agenesis of the corpus callosum , , 3
1188,TUBB4A  ,AD/de novo,Hypomyelination with atrophy of the basal ganglia and cerebellum , , 3
1189,TUBB4A  ,AD/de novo,Intellectual disability , , 3
1190,TUBB4A  ,AD/de novo,Dystonia , , 3
1191,TUBB5  ,AD/de novo,Agenesis of the corpus callosum , , 3
1192,TUBB5  ,AD/de novo,Polymicrogyria , , 3
1193,TUBB5  ,AD/de novo,Microcephaly , , 3
1194,TUBG1  ,AD/de novo,Lissencephaly , , 3
1195,TUBG1  ,AD/de novo,Microcephaly , , 3
1196,TUBG1  ,AD/de novo,Pachygyria , , 3
1197,TUBGCP6  ,AR,Microcephaly ,Microcephaly with lymphedema and chorioretinopathy   , 2
1198,TULP1  ,AR,Retinal dystrophy ,Leber amaurosis   , 1
1199,TUSC3  ,AR,Intellectual disability , , 2
1200,UBA5  ,AR,Intellectual disability , , 3
1201,UBA5  ,AR,Epilepsy , , 3
1202,UBA5  ,AR,Developmental epilepsy , , 3
1203,UBA5  ,AR,Ataxia , , 3
1204,UBE2A  ,XL,Intellectual disability , , 2
1205,UBE2A  ,XL,Epilepsy , , 2
1206,UBE3A  ,IMPR,Developmental encephalopathy ,Angelman syndrome   , 1
1207,UBE3A  ,IMPR,Postnatal microcephaly ,Angelman syndrome   , 1
1208,UBE3A  ,IMPR,Epilepsy ,Angelman syndrome   , 1
1209,UBE3A  ,IMPR,Lennox-Gastaut syndrome ,Angelman syndrome   , 1
1210,UBE3A  ,IMPR,Developmental epilepsy ,Angelman syndrome   , 1
1211,UBR1  ,AR,Intellectual disability ,Johanson-Blizzard syndrome   , 3
1212,UBR1  ,AR,Sensorineural deafness ,Johanson-Blizzard syndrome   , 3
1213,UNC80  ,AR,Epilepsy , , 3
1214,UNC80  ,AR,Intellectual disability , , 3
1215,UNC80  ,AR,Developmental epilepsy , , 3
1216,UPF3B  ,XL,Agenesis of the corpus callosum , , 3
1217,UPF3B  ,XL,Autism , , 2
1218,UPF3B  ,XL,Intellectual disability , , 2
1219,USP9X  ,XL,Epilepsy , , 3
1220,VAX1  ,AR,Microphthalmia , , 3
1221,VAX1  ,AR,Agenesis of the corpus callosum , , 3
1222,VLDLR  ,AR,Cerebellar hypoplasia , , 1
1223,VLDLR  ,AR,Lissencephaly , , 1
1224,VLDLR  ,AR,Ataxia ,"Cerebellar ataxia, mental retardation and disequilibrium syndrome   ", 3
1225,VLDLR  ,AR,Cerebellar hypoplasia ,"Cerebellar ataxia, mental retardation and disequilibrium syndrome   ", 3
1226,VLDLR  ,AR,Intellectual disability ,"Cerebellar ataxia, mental retardation and disequilibrium syndrome   ", 3
1227,VLDLR  ,AR,Pachygyria , , 1
1228,VPS13A  ,AR,Chorea ,Chorea-acanthocytosis syndrome   , 1
1229,VPS13A  ,AR,Parkinsonism ,Chorea-acanthocytosis syndrome   , 2
1230,VPS13B  ,AR,Autism , , 3
1231,VPS13B  ,AR,Intellectual disability ,Cohen syndrome   , 2
1232,VPS13B  ,AR,Postnatal microcephaly ,Cohen syndrome   , 2
1233,VPS13B  ,AR,Retinal dystrophy ,Cohen syndrome   , 2
1234,VRK1  ,AR,Pontocerebellar hypoplasia ,Pontocerebellar hypoplasia type 1   , 3
1235,VRK1  ,AR,Microcephaly , , 3
1236,WAC  ,AD/de novo,Intellectual disability , , 3
1237,WDR4  ,AR,Microcephaly , , 3
1238,WDR4  ,AR,Congenital microcephaly , , 3
1239,WDR4  ,AR,Agenesis of the corpus callosum , , 3
1240,WDR4  ,AR,Epilepsy , , 3
1241,WDR4  ,AR,Developmental epilepsy , , 3
1242,WDR62  ,AR,Polymicrogyria , , 2
1243,WDR62  ,AR,Microcephaly , , 1
1244,WDR62  ,AR,Congenital microcephaly , , 1
1245,WDR62  ,AR,Microcephaly with simplified gyral pattern , , 1
1246,WDR62  ,AR,Generalized polymicrogyria , , 2
1247,WDR62  ,AR,Pachygyria , , 3
1248,WDR73  ,AR,Microcephaly ,Galloway-Mowat syndrome   , 2
1249,WDR73  ,AR,Intellectual disability ,Galloway-Mowat syndrome   , 2
1250,WDR73  ,AR,Postnatal microcephaly ,Galloway-Mowat syndrome   , 2
1251,WDR81  ,AR,Cerebellar hypoplasia ,"Cerebellar ataxia, mental retardation and disequilibrium syndrome   ", 3
1252,WDR81  ,AR,Ataxia ,"Cerebellar ataxia, mental retardation and disequilibrium syndrome   ", 3
1253,WDR81  ,AR,Intellectual disability ,"Cerebellar ataxia, mental retardation and disequilibrium syndrome   ", 3
1254,WWOX  ,AR,Ataxia , , 3
1255,WWOX  ,AR,Intellectual disability , , 3
1256,WWOX  ,AR,Epilepsy , , 3
1257,WWOX  ,AR,Microcephaly , , 3
1258,WWOX  ,AR,Congenital microcephaly , , 3
1259,XPA  ,AR,Microcephaly ,Xeroderma Pigmentosum   , 1
1260,XPC  ,AR,Microcephaly ,Xeroderma Pigmentosum   , 1
1261,ZBTB18  ,AD/de novo,Microcephaly , , 3
1262,ZBTB18  ,AD/de novo,Intellectual disability , , 3
1263,ZC4H2  ,XL,Intellectual disability , , 3
1264,ZDHHC9  ,XL,Intellectual disability , , 3
1265,ZEB2  ,AD/de novo,Microcephaly ,Mowat-Wilson syndrome   , 1
1266,ZEB2  ,AD/de novo,Agenesis of the corpus callosum ,Mowat-Wilson syndrome   , 1
1267,ZIC1  ,AD/de novo,Dandy-Walker malformation , , 1
1268,ZIC1  ,AD/de novo,Cerebellar vermis hypoplasia , , 1
1269,ZIC2  ,AD/de novo,Holoprosencephaly , , 1
1270,ZIC4  ,AD/de novo,Dandy-Walker malformation , , 1
1271,ZIC4  ,AD/de novo,Cerebellar vermis hypoplasia , , 1
1272,ZIC4  ,AD/de novo,Cerebellar hypoplasia , , 1
1273,ZNF238  ,AD/de novo,Agenesis of the corpus callosum , , 3
1274,ZNF41  ,XL,Intellectual disability , , 3
1275,ZNF674  ,XL,Intellectual disability , , 3
1276,ZNF711  ,XL,Intellectual disability , , 3
1277,ZNF81  ,XL,Intellectual disability , , 3
